scorer,KAIST,KAIST,KAIST,KAIST,KAIST,KAIST,KAIST,KAIST,KAIST,KAIST,KAIST,KAIST,KAIST,KAIST,KAIST,KAIST,KAIST,KAIST,KAIST,KAIST,KAIST,KAIST,KAIST,KAIST,KAIST,KAIST
bodyparts,L1,L1,L2,L2,L3,L3,L4,L4,R1,R1,R2,R2,R3,R3,R4,R4,Tether,Tether,Nose,Nose,LeftEar,LeftEar,RightEar,RightEar,TailBase,TailBase
coords,x,y,x,y,x,y,x,y,x,y,x,y,x,y,x,y,x,y,x,y,x,y,x,y,x,y
labeled-data\20180205(coh1)_Trial1\img09772.png,55.940423011779785,208.30496883392334,55.31210732460022,50.74664235115051,109.72564256191254,199.11215734481812,113.31162357330322,70.14788961410522,,,,,596.4568695401056,198.13726378894967,592.5040893554688,71.15922617912292,252.66567382486096,186.06432882236078,220.47118058062404,171.69178719546932,229.09470555675892,136.0478839607784,205.52373728865683,143.52160560676197,188.85158900146274,81.43222577859069
labeled-data\20180205(coh1)_Trial1\img06248.png,56.165276288986206,208.8629550933838,56.114590883255005,50.34076654911041,109.94486725330353,199.76101112365723,111.24070453643799,72.78836345672607,,,,,595.3070662099543,198.7121654540253,592.432557884576,69.93419247707743,415.9377467063484,152.72003224797248,397.54089342392723,132.02357230524876,,,418.8122550317267,114.77652235297893,471.1283065536117,130.29886731002176
labeled-data\20180205(coh1)_Trial1\img05863.png,56.654484272003174,207.33780336380005,55.74694108963013,50.623698711395264,105.27321314811707,200.74518299102783,110.17755889892578,69.7935197353363,,,,,591.3535580635071,196.74035853147507,592.5555007457733,70.07495665550232,253.81547715501227,144.67140893691328,227.37000056153192,128.57416231479476,205.52373728865683,109.02750570222236,204.9488356235812,139.49729395123234,140.5598491351073,132.02357230524876
labeled-data\20180205(coh1)_Trial1\img06461.png,55.63406705856323,207.61910438537598,55.472506046295166,50.93653762340546,110.29360818862915,200.98117542266846,104.51015639305115,70.45910477638245,,,,,593.3666253089905,197.48960995674133,595.3070662099543,68.78438914692617,211.27275393941346,146.9710155972159,179.65316236025217,126.84945731956782,168.7252984046936,108.32376247644424,152.63278410169613,133.7482773004757,119.28848752730788,93.50516074517952
labeled-data\20180205(coh1)_Trial1\img17288.png,55.84952163696289,209.01245284080505,54.880279302597046,50.08228874206543,109.96236026287079,200.1291537284851,110.77316808700562,70.54700541496277,,,,,594.9766509532928,200.8424015045166,593.612637758255,64.68016743659973,576.3353112624575,188.3639354826634,565.9870812910957,177.4408038462259,585.3005840778351,147.962668415159,562.59685587883,143.18537139892578,568.2866879513983,84.88163576904458
labeled-data\20180205(coh1)_Trial1\img17521.png,56.30878210067749,208.1136395931244,56.6684832572937,50.80861568450928,110.4913158416748,200.15153121948242,110.87332057952881,71.13300633430481,,,,,594.1572628798029,196.98746045879835,593.0074595496517,69.35929081200186,264.7386087914498,146.9710155972159,274.51193709773605,131.44867064017308,299.2327086959894,117.07612901328162,288.8844787246275,82.58202910874195,364.7714985146146,97.52947240070915
labeled-data\20180205(coh1)_Trial1\img00807.png,56.46088790893555,208.35901832580566,56.04930436898529,51.5373391946564,110.66496255117299,200.4368704492523,109.99018287658691,70.88809275627136,,,,,593.5823612147274,198.7121654540253,595.88196787503,67.6345858167748,385.4679584573384,152.72003224797248,361.3220885241607,140.07219561630797,333.726808600529,122.82514566403819,328.55269361484807,157.3192455685778,272.2123304374334,118.80083400850856
labeled-data\20180205(coh1)_Trial1\img12123.png,58.34891102928795,209.06039542538718,60.07361602451492,53.26204418988334,109.7041209936142,199.86878752708435,110.66496255117299,72.23379913738006,,,,,594.4973131418228,198.64968252182007,592.3211946487427,68.77692586183548,549.3149330039015,188.3639354826634,565.9870812910957,190.6635421429661,580.9345245830629,165.9427705447127,556.7886546498851,155.01963890827517,576.0601141452789,96.48546385765076
labeled-data\20180205(coh1)_Trial1\img06463.png,55.67657995223999,207.56756162643433,55.465553760528564,50.91549777984619,110.08757185935974,201.04603958129883,104.73144221305847,70.62768793106079,,,,,597.0317712051813,198.7121654540253,595.88196787503,67.05968415169912,211.27275393941346,139.49729395123234,179.07826069517648,123.40004732911387,167.9916958808899,105.23699998855591,156.0676432698965,130.91950476169586,118.13868419715656,95.80476740548215
labeled-data\20180205(coh1)_Trial1\img11408.png,56.476141691207886,208.18391680717468,54.58029770851135,50.53400993347168,110.26578688621521,201.3972511291504,111.26692628860474,69.59021544456482,,,,,595.3070662099543,201.01177211432793,595.88196787503,67.6345858167748,253.24057548993665,178.01570551130158,219.32137725047266,147.5459172622916,242.31744385349907,139.49729395123234,224.4954922361536,120.52553900373556,293.48369204523283,110.17730903237367
labeled-data\20180205(coh1)_Trial1\img03143.png,56.43207287788391,208.42203450202942,55.49591255187988,50.095728635787964,110.21137404441833,199.21763634681702,112.12240672111511,72.45409870147705,,,,,592.1686894893646,196.5379244685173,592.3229451179504,70.76577568054199,521.7196530802698,136.0478839607784,510.22161977875663,160.1937538939561,483.20124152020054,146.9710155972159,486.65065151065454,174.56629552084758,420.53696002695364,159.04395056380474
labeled-data\20180205(coh1)_Trial1\img17392.png,56.929306507110596,208.1367211341858,55.25536346435547,50.18881690502167,108.65443420410156,195.91955938190222,110.09244585037231,70.4059386253357,,,,,597.0317712051813,199.28706711910098,594.6082018613815,67.07463526725769,506.19730812322695,179.74041050652852,509.07181644860526,148.6957205924429,539.5416046976153,160.1937538939561,529.7682763913291,126.27455565449213,574.0357046021549,94.65496407533084
labeled-data\20180205(coh1)_Trial1\img00700.png,55.72345447540283,208.59910893440247,56.493876934051514,50.502745270729065,106.70150184631348,198.2762930393219,111.05921220779419,70.81559014320374,,,,,596.4568695401056,198.7121654540253,594.7321645448786,68.78438914692617,217.59667225524572,160.76865555903174,223.92059057107798,125.12475232434082,248.3700852394104,114.87418842315674,225.2362048625946,94.64359784126282,320.5040703037888,77.407914123061
labeled-data\20180205(coh1)_Trial1\img01873.png,56.01083779335022,209.92596673965454,57.401419162750244,49.63736319541931,111.0890212059021,201.80040073394775,112.38966754639996,73.95850413260712,,,,,592.1718046665192,196.29116398096085,592.432557884576,71.0839958072288,327.9777919497724,188.9388371477391,345.2248419020422,149.84552392259423,372.2452201605982,149.84552392259423,353.2734652131014,120.52553900373556,425.1361733475589,105.57809571176841
labeled-data\20180205(coh1)_Trial1\img09454.png,55.919599533081055,208.28608465194702,56.397762298583984,49.382230043411255,110.61370182037354,201.73367023468018,108.96338891983032,71.29763698577881,,,,,592.392897605896,196.85514777898788,592.3972413539886,70.55372548103333,139.9849474700316,200.4368704492523,110.66496255117299,194.11295213342004,138.26024247480467,192.96314880326872,125.03750417806448,159.04395056380474,186.55198234116006,156.16944223842648
labeled-data\20180205(coh1)_Trial1\img14267.png,55.793800354003906,207.99862241744995,54.71107196807861,52.1708567738533,109.77140080928802,199.84072971343994,109.4822359085083,69.21617615222931,,,,,594.1572628798029,199.8619687841766,596.4568695401056,67.05968415169912,162.40611240798233,178.5906071763772,184.25237568085743,171.69178719546932,205.52373728865683,173.41649219069626,195.75040898237063,146.9710155972159,271.06252710728205,144.67140893691328
labeled-data\20180205(coh1)_Trial1\img01169.png,56.87122583389282,208.115140914917,56.1763014793396,52.267211973667145,103.29661965370178,201.40994930267334,110.09285831451416,71.02976894378662,,,,,595.3070662099543,202.16157544447924,596.4568695401056,67.6345858167748,171.6045390491929,190.0886404778904,137.68534080972898,195.83765712864698,141.25519859790802,158.17818641662598,122.25926649570465,170.80753755569458,164.13081740320933,96.37966907055784
labeled-data\20180205(coh1)_Trial1\img01914.png,58.43518340587616,206.93594193458557,54.312958002090454,50.411224722862244,105.55058312416077,197.97487604618073,109.70228290557861,69.1256422996521,,,,,596.4568695401056,202.73647710955493,593.123378276825,69.65341222286224,204.37393395850552,196.98746045879835,177.92845736502517,186.06432882236078,200.92452396805157,156.16944223842648,169.30493238889028,142.94670394168628,231.96921388213718,98.67927573086047
labeled-data\20180205(coh1)_Trial1\img00290.png,56.37617826461792,209.74057722091675,57.77400936421229,50.96243752958071,110.73205399513245,199.95567512512207,111.36199855804443,71.79188203811646,,,,,594.1885695457458,196.11868995428085,591.2827545544246,69.93419247707743,491.2498648312598,194.68785379849567,494.1243731566381,157.3192455685778,528.0435713961022,166.51767220978837,503.5956983566284,144.16690731048584,524.5941614056482,87.18124242934726
labeled-data\20180205(coh1)_Trial1\img17519.png,55.24578237533569,209.0729079246521,53.80302858352661,51.26011288166046,109.96406376361847,200.25425243377686,109.36688756942749,70.54214596748352,,,,,594.1572628798029,201.5866737794036,593.5823612147274,68.78438914692617,272.2123304374334,138.34749062108102,279.1111504183413,98.67927573086047,307.8562336721243,109.60240736729799,306.13152867689735,77.98281578813669,375.6946301510522,98.10437406578484
labeled-data\20180205(coh1)_Trial1\img15101.png,55.76453447341919,208.11949515342712,55.930487632751465,49.832069873809814,108.55287683010101,198.9893708229065,110.78485584259033,70.7867636680603,,,,,593.0074595496517,198.13726378894967,594.7321645448786,67.05968415169912,183.6774740157818,146.9710155972159,192.30099899191669,106.15299737684404,222.77078724092667,121.67534233388687,212.42255726956478,82.00712744366638,275.66174042788737,107.30280070699536
labeled-data\20180205(coh1)_Trial1\img15104.png,55.4504599571228,208.0311794281006,55.71382999420166,49.986106157302856,107.39988714456558,197.77433109283447,110.69431257247925,70.23817801475525,,,,,595.3070662099543,201.5866737794036,594.7321645448786,68.78438914692617,182.52767068563048,150.42042558766985,181.9527690205548,113.05181735775199,212.42255726956478,111.90201402760067,200.92452396805157,81.43222577859069,270.78563022613525,108.60083746910095
labeled-data\20180205(coh1)_Trial1\img12117.png,55.47440270390963,209.63529709046287,57.19910769913663,52.11224085973197,110.30136394500732,200.62253665924072,111.93739891052246,71.16857814788818,,,,,594.7130638360977,199.21843314170837,594.7321645448786,68.78438914692617,537.1914529800415,186.75770437717438,554.4890479895824,174.56629552084758,572.1556620597839,165.1277995109558,558.9641468524933,148.68355691432953,575.7604095973819,97.52947240070915
labeled-data\20180205(coh1)_Trial1\img11128.png,56.03907823562622,209.0651159286499,58.923812694363605,52.687142524807655,109.50237584114075,200.21457862854004,108.99509525299072,71.11802887916565,,,,,595.3124482631683,200.79760909080505,593.0074595496517,66.48478248662354,580.3596229179872,183.18982049698246,590.707852889349,186.63923048743646,593.5823612147274,156.7443439035021,564.8372779609443,159.04395056380474,568.8615896164739,96.95457073563347
labeled-data\20180205(coh1)_Trial1\img17371.png,55.27793312072754,208.8819842338562,57.239408016204834,49.6046085357666,109.95329284667969,199.8754687309265,111.26317310333252,70.89574193954468,,,,,593.5715658664703,199.26709985733032,593.9709658622742,67.76252187788486,534.3674897119344,178.5906071763772,540.6914080277667,141.79690061153497,577.4851145926089,149.84552392259423,563.687474630793,126.27455565449213,570.0113929466253,86.60634076427164
labeled-data\20180205(coh1)_Trial1\img11695.png,56.18971538543701,208.61074948310852,54.635456562042236,49.978062868118286,109.41201376914978,199.98659467697144,111.60821294784546,70.51938390731812,,,,,591.9166803359985,195.405723631382,592.2008183002472,69.04369902610779,498.1486848121677,79.70752078336375,501.5980948026217,88.90594742457426,468.8286998933091,84.306734103969,481.4765365249736,118.22593234343293,421.686763357105,133.7482773004757
labeled-data\20180205(coh1)_Trial1\img03398.png,55.77838134765625,208.9913468360901,55.754488945007324,50.37170732021332,109.01067972183228,199.26425528526306,109.77580261230469,72.4518871307373,,,,,594.2318353652954,197.26319789886475,592.7647795677185,69.39499604701996,307.28133200704866,144.67140893691328,333.1519069354533,121.67534233388687,353.8483668781771,152.72003224797248,360.747186859085,122.82514566403819,421.686763357105,161.91845888918306
labeled-data\20180205(coh1)_Trial1\img14803.png,56.42739534378052,209.55430459976196,58.34891102928795,52.11224085973197,109.55792009830475,199.26472854614258,110.53989744186401,71.85008406639099,,,,,595.3070662099543,200.4368704492523,594.7321645448786,69.35929081200186,434.9095016538451,178.01570551130158,411.9134350508187,166.51767220978837,392.182204246521,146.5627417564392,381.1263771057129,168.44530630111694,330.5363726615906,134.9383978843689
labeled-data\20180205(coh1)_Trial1\img14255.png,56.230350971221924,208.34959268569946,54.496602296829224,49.96478199958801,111.23986421624865,200.4368704492523,110.77803564071655,70.46772193908691,,,,,593.2298939228058,196.25554904341698,594.7321645448786,68.78438914692617,188.27668733638706,157.89414723365343,220.47118058062404,146.39611393214022,244.04214884872607,164.79296721456137,239.44293552812076,128.57416231479476,301.53231535629203,163.06826221933437
labeled-data\20180205(coh1)_Trial1\img07028.png,55.45799446105957,209.00445127487183,54.79222512245178,50.56297242641449,110.11323022842407,201.25466108322144,109.84031343460083,70.42272925376892,,,,,595.3070662099543,200.4368704492523,595.3070662099543,68.78438914692617,484.3510448503519,101.55378405623878,461.9298799124012,94.65496407533084,428.5855833380129,87.18124242934726,439.50871497445047,119.95063733865987,363.6216951844633,118.22593234343293
labeled-data\20180205(coh1)_Trial1\img00813.png,57.19910769913663,206.76078876508456,56.62420603406095,52.687142524807655,113.53947087655128,202.16157544447924,111.40680837631226,70.65788674354553,,,,,594.7321645448786,199.28706711910098,592.432557884576,68.78438914692617,414.787943376197,150.42042558766985,399.84050008422986,155.5945405733508,381.44364680180877,129.72396564494613,377.9942368113548,167.092573874864,307.28133200704866,119.95063733865987
labeled-data\20180205(coh1)_Trial1\img11639.png,55.300302028656006,208.73728704452515,57.19910769913663,51.5373391946564,109.02661836147308,200.10657358169556,109.88069009780884,71.44675660133362,,,,,595.88196787503,202.16157544447924,593.7955594062805,69.0951441526413,449.85694494581224,174.56629552084758,442.95812496490436,189.51373881281472,425.7110750126346,153.86983557812385,410.76363172066743,179.74041050652852,365.3464001796903,139.49729395123234
labeled-data\20180205(coh1)_Trial1\img07484.png,55.7204966545105,208.45918726921082,57.08067989349365,49.69720792770386,109.4033168554306,199.8218183517456,110.57644367218018,71.63643908500671,,,,,597.606672870257,202.73647710955493,594.1572628798029,71.0839958072288,392.3667784382463,183.18982049698246,364.196596849539,175.7160988509989,375.6946301510522,135.4729822957027,353.2734652131014,144.67140893691328,327.9777919497724,99.25417739593615
labeled-data\20180205(coh1)_Trial1\img02209.png,55.54343938827515,208.1828362941742,55.10363745689392,50.27408170700073,110.63187074661255,200.55596446990967,110.69065237045288,69.77012813091278,,,,,593.0074595496517,198.7121654540253,592.432557884576,69.35929081200186,309.5809386673513,160.76865555903174,287.7346753944762,172.26668886054495,268.7629204469794,146.39611393214022,260.7142971359202,178.01570551130158,209.54804894418646,117.07612901328162
labeled-data\20180205(coh1)_Trial1\img05542.png,55.788583755493164,208.98430466651917,57.006701707839966,50.723525524139404,108.36535589087033,201.01177211432793,111.73673486709595,71.94128036499023,,,,,597.3040355443954,198.84812593460083,593.5823612147274,69.35929081200186,520.5698497501185,173.41649219069626,518.2702430898158,178.5906071763772,506.19730812322695,149.27062225751854,490.10006150110854,179.1655088414529,445.8326332902827,129.72396564494613
labeled-data\20180205(coh1)_Trial1\img09902.png,57.54753375053406,207.8088984489441,55.119529724121094,49.92967939376831,109.60013735294342,199.26804208755493,114.02547419071198,71.80541896820068,,,,,590.707852889349,201.01177211432793,593.0074595496517,73.38360246753143,235.41862387259118,134.3231789655514,280.8358554135683,142.94670394168628,252.66567382486096,126.27455565449213,255.54018215023927,163.06826221933437,199.19981897282457,138.34749062108102
labeled-data\20180205(coh1)_Trial1\img01876.png,55.24156999588013,208.57179498672485,54.16972374916077,51.57846620678902,108.2290572822094,200.5587821006775,110.31640005111694,70.87125277519226,,,,,592.088819026947,196.16202871501446,591.8576562195003,70.50909414215312,323.3785786291671,184.33962382713383,335.45151359575596,143.52160560676197,357.29777686863105,141.22199894645934,343.5001369068152,111.32711236252499,416.51264837142406,117.07612901328162
labeled-data\20180205(coh1)_Trial1\img17534.png,56.451483726501465,207.89161777496338,55.96530103683472,51.130457401275635,110.02436208724976,199.56983304023743,112.12491822242737,72.62531661987305,,,,,593.0074595496517,200.4368704492523,593.5823612147274,72.23379913738006,232.54411554721287,164.79296721456137,217.02177059017004,129.72396564494613,245.76685384395302,115.35142401805462,226.2201972313806,98.67927573086047,305.55662701182166,89.4808490896499
labeled-data\20180205(coh1)_Trial1\img01917.png,59.015826761722565,206.74639463424683,53.817792892456055,49.89516043663025,107.10672450065613,199.39692521095276,110.41494512557983,68.97522455453873,,,,,596.4568695401056,198.7121654540253,595.88196787503,67.6345858167748,198.62491730774894,194.68785379849567,168.7300307238146,185.48942715728515,183.6774740157818,160.1937538939561,160.6814074127554,150.42042558766985,222.19588557585098,100.9788823911631
labeled-data\20180205(coh1)_Trial1\img03500.png,55.10561418533325,207.86547231674194,55.451987743377686,50.31537175178528,112.19024133682251,199.25100755691528,110.55074739456177,70.45529532432556,,,,,594.1572628798029,202.16157544447924,595.3070662099543,67.6345858167748,150.3331774413935,188.3639354826634,160.6814074127554,180.3153121716042,180.80296569040348,171.11688553039363,164.13081740320933,144.0965072718376,238.86803386304513,123.9749489941895
labeled-data\20180205(coh1)_Trial1\img01402.png,55.907010555267334,209.76470112800598,55.40264368057251,51.58599188923836,108.69274479150772,199.94372606277466,110.77064037322998,71.14193177223206,,,,,595.88196787503,199.28706711910098,593.0074595496517,72.80870080245575,429.1604850030886,159.61885222888043,442.38322329982867,126.84945731956782,480.9016348598979,151.57022891782117,477.452224869444,113.05181735775199,534.3674897119344,99.25417739593615
labeled-data\20180205(coh1)_Trial1\img05625.png,56.78449630737305,209.07746767997742,56.68757653236389,49.77597141265869,110.41459846496582,196.53974545001984,112.34762477874756,70.77787137031555,,,,,594.7321645448786,199.28706711910098,594.7321645448786,70.50909414215312,240.59273885827213,188.3639354826634,220.47118058062404,155.5945405733508,246.3417555090287,134.89808063062708,219.89627891554835,117.65103067835724,292.90879038015714,93.50516074517952
labeled-data\20180205(coh1)_Trial1\img14726.png,55.64710807800293,207.96629238128662,56.23949313163757,49.98624062538147,108.26519057154655,199.47769331932068,112.75025629997253,70.48520350456238,,,,,593.080992937088,195.15583980083466,593.5386717319489,69.39525377750397,342.9252352417396,127.99926064971913,376.2695318161278,118.80083400850856,341.7754319115882,118.80083400850856,367.64600683999294,152.72003224797248,308.4311353372,152.14513058289685
labeled-data\20180205(coh1)_Trial1\img08041.png,55.6696982383728,208.0217685699463,56.62420603406095,53.26204418988334,109.39324414730072,199.22899913787842,112.50460076332092,71.56483006477356,,,,,596.4568695401056,197.56236212387398,592.4020369052887,70.45371150970459,499.87338980739474,137.1976872909297,486.65065151065454,105.00319404669273,467.10399489808214,92.35535741502821,461.9298799124012,125.6996539894165,402.7150084096082,105.57809571176841
labeled-data\20180205(coh1)_Trial1\img08959.png,56.11742877960205,208.30548119544983,55.26227927207947,51.7702412456274,109.97983503341675,195.89614637196064,111.75388145446777,71.00070476531982,,,,,595.3070662099543,202.73647710955493,594.7321645448786,72.23379913738006,164.13081740320933,183.76472216205815,173.90414570949554,190.0886404778904,207.82334394895952,194.68785379849567,196.32531064744632,159.04395056380474,271.63742877235774,183.18982049698246
labeled-data\20180205(coh1)_Trial1\img01661.png,57.337058305740356,210.85818994045258,56.32755088806152,51.876627430319786,110.00282835960388,200.51086711883545,111.05703353881836,73.01325416564941,,,,,591.7942681312561,197.38744795322418,593.3745429515839,70.34386420249939,212.9974589346404,163.06826221933437,208.39824561403515,135.4729822957027,234.8437222075155,118.80083400850856,208.39824561403515,101.55378405623878,295.2083970404598,77.98281578813669
labeled-data\20180205(coh1)_Trial1\img08630.png,55.583890438079834,208.3644049167633,54.80544447898865,49.042755126953125,110.93621945381165,200.6451234817505,110.6406569480896,70.45914912223816,,,,,591.8576562195003,201.01177211432793,593.6960241794586,69.70266914367676,367.07110517491725,180.3153121716042,331.4272019402264,181.46511550175552,318.77936530856186,153.29493391304817,,,263.5888054612985,127.99926064971913
labeled-data\20180205(coh1)_Trial1\img01224.png,56.33800196647644,208.81334948539734,57.01090693473816,50.31783306598663,109.1174076795578,200.6340947151184,109.90852117538452,71.23665046691895,,,,,591.3887357711792,197.16937923431396,593.4110927581787,69.7476521730423,423.41146835233195,118.80083400850856,399.26559841915423,103.85339071654141,373.9699251558252,86.03143909919595,373.3950234907495,121.10044066881119,298.6578070309138,101.55378405623878
labeled-data\20180205(coh1)_Trial1\img11181.png,55.80442571640015,208.3233561515808,55.97493839263916,50.2109659910202,109.55289161205292,200.21494388580322,110.65262985229492,70.30851483345032,,,,,595.9438291750848,199.61074495315552,593.262547492981,69.30994868278503,509.07181644860526,161.34355722410743,530.3431780564048,130.87376897509745,560.8129663054148,158.4690488987291,553.3392446594312,119.37573567358424,577.4851145926089,99.82907906101178
labeled-data\20180205(coh1)_Trial1\img13796.png,,,56.04930436898529,52.687142524807655,112.96456921147562,192.96314880326872,115.83907753685394,72.80870080245575,,,,,595.3070662099543,200.4368704492523,,,541.2663096928422,149.27062225751854,584.9588362385924,144.67140893691328,561.0257511138916,136.01337909698486,573.4608029370793,169.39218053516663,517.1204397596646,145.8212122670646
labeled-data\20180205(coh1)_Trial1\img09789.png,57.19910769913663,207.33569043016018,58.34891102928795,52.11224085973197,110.09006088609733,201.5866737794036,113.53947087655128,70.50909414215312,,,,,594.7321645448786,199.8619687841766,590.1329512242734,69.93419247707743,249.21626383440702,189.51373881281472,,,219.32137725047266,138.34749062108102,199.19981897282457,146.39611393214022,189.42649066653837,88.33104575949858
labeled-data\20180205(coh1)_Trial1\img14644.png,56.62420603406095,205.61098543493324,56.62420603406095,50.387535864505026,108.94025755594602,199.8619687841766,112.38966754639996,70.50909414215312,,,,,593.0074595496517,194.68785379849567,591.2827545544246,68.20948748185049,302.1072170213677,127.42435898464345,348.67425189249616,115.35142401805462,,,343.5001369068152,145.8212122670646,287.15977372940057,144.67140893691328
labeled-data\20180205(coh1)_Trial1\img05355.png,57.19910769913663,207.91059209523587,57.19910769913663,52.687142524807655,111.23986421624865,199.8619687841766,109.51515922102168,72.23379913738006,,,,,595.88196787503,200.4368704492523,590.1329512242734,68.20948748185049,224.4954922361536,165.367868879637,,,174.47904737457122,121.10044066881119,162.98101407305802,146.39611393214022,123.31279918283751,97.52947240070915
labeled-data\20180205(coh1)_Trial1\img07320.png,58.34891102928795,210.2101987555385,57.77400936421229,54.986749185110284,115.83907753685394,198.13726378894967,,,,,,,591.2827545544246,201.5866737794036,598.8204064369202,69.25454998016357,123.31279918283751,128.57416231479476,95.71751925920584,81.43222577859069,,,,,196.90021231252194,82.58202910874195
labeled-data\20180205(coh1)_Trial1\img15954.png,56.62420603406095,208.48549376031156,57.19910769913663,51.5373391946564,112.96456921147562,201.5866737794036,111.8147658813243,75.68320912783406,,,,,595.3070662099543,196.41255879372267,593.0074595496517,69.93419247707743,529.7682763913291,144.67140893691328,575.5155472755432,135.09515762329102,559.6631629752634,130.87376897509745,575.7604095973819,163.64316388441006,518.8451447548915,136.62278562585402
labeled-data\20180205(coh1)_Trial1\img02214.png,60.64851768959058,206.76078876508456,55.47440270390963,50.387535864505026,111.23986421624865,200.4368704492523,112.96456921147562,71.65889747230449,,,,,594.1572628798029,198.7121654540253,588.4082462290464,68.78438914692617,318.77936530856186,151.57022891782117,,,285.43506873417357,145.2463106019889,291.1840853849302,182.04001716683115,219.32137725047266,142.37180227661065
labeled-data\20180205(coh1)_Trial1\img09720.png,60.64851768959058,208.48549376031156,57.77400936421229,54.4118475200346,110.66496255117299,199.8619687841766,112.96456921147562,72.80870080245575,,,,,594.7321645448786,201.01177211432793,596.4568695401056,68.78438914692617,272.2123304374334,175.14119718592326,,,234.26882054243987,132.02357230524876,211.8476556044891,148.6957205924429,188.27668733638706,82.58202910874195
labeled-data\20180205(coh1)_Trial1\img08616.png,57.77400936421229,208.48549376031156,56.04930436898529,51.5373391946564,110.09006088609733,198.7121654540253,110.09006088609733,69.93419247707743,,,,,593.5823612147274,201.01177211432793,594.7321645448786,69.93419247707743,327.9777919497724,165.9427705447127,,,285.43506873417357,125.12475232434082,272.78723210250905,147.5459172622916,230.24450888691024,96.37966907055784
labeled-data\20180205(coh1)_Trial1\img09713.png,,,59.49871435943926,52.687142524807655,112.96456921147562,199.28706711910098,112.38966754639996,72.80870080245575,,,,,595.3070662099543,199.28706711910098,591.8576562195003,71.65889747230449,269.91272377713074,175.14119718592326,,,234.51218461990356,133.6303586959839,215.32941198349,146.1957757472992,186.55198234116006,86.60634076427164
labeled-data\20180205(coh1)_Trial1\img17658.png,57.19910769913663,207.91059209523587,58.34891102928795,50.387535864505026,113.53947087655128,194.11295213342004,110.66496255117299,74.5334057976828,,,,,591.8576562195003,196.98746045879835,595.3070662099543,71.65889747230449,239.44293552812076,100.40398072608747,,,199.19981897282457,96.37966907055784,194.56921579717297,124.28315705167168,147.4586691160152,119.95063733865987
labeled-data\20180205(coh1)_Trial1\img11971.png,,,57.77400936421229,54.4118475200346,113.53947087655128,198.7121654540253,112.38966754639996,71.65889747230449,,,,,593.0074595496517,195.26275546357135,592.432557884576,69.35929081200186,546.4404246785232,132.5984739703244,613.1290178272998,130.87376897509745,,,,,545.2906213483719,101.55378405623878
labeled-data\20180205(coh1)_Trial1\img01516.png,,,57.19910769913663,49.23773253435377,109.51515922102168,195.83765712864698,109.9838056564331,70.67061614990234,,,,,594.1572628798029,199.8619687841766,594.7321645448786,70.50909414215312,545.8655230134475,175.14119718592326,,,532.0678830516317,153.29493391304817,,,475.72751987421697,118.22593234343293
labeled-data\20180205(coh1)_Trial1\img13696.png,,,56.04930436898529,51.5373391946564,110.09006088609733,196.41255879372267,112.38966754639996,68.78438914692617,,,,,595.88196787503,195.83765712864698,590.707852889349,70.50909414215312,548.1651296737502,146.39611393214022,588.4082462290464,149.27062225751854,,,572.3109996069279,178.01570551130158,520.5698497501185,145.2463106019889
labeled-data\20180205(coh1)_Trial1\img09792.png,58.923812694363605,209.06039542538718,57.77400936421229,50.96243752958071,111.8147658813243,203.3113787746306,113.53947087655128,68.78438914692617,,,,,593.5823612147274,199.28706711910098,595.88196787503,69.35929081200186,254.39037882008796,183.18982049698246,,,222.77078724092667,136.62278562585402,197.47511397759763,143.52160560676197,187.4578693509102,86.12522768974304
labeled-data\20180205(coh1)_Trial1\img13805.png,59.49871435943926,208.48549376031156,57.77400936421229,53.26204418988334,111.8147658813243,200.4368704492523,110.66496255117299,72.80870080245575,,,,,594.7321645448786,198.13726378894967,592.432557884576,69.35929081200186,547.5902280086746,149.27062225751854,588.4082462290464,144.0965072718376,574.0357046021549,140.64709728138365,575.7604095973819,179.1655088414529,519.4200464199672,145.2463106019889
labeled-data\20180205(coh1)_Trial1\img05398.png,,,58.923812694363605,50.96243752958071,109.51515922102168,199.8619687841766,107.21555256071902,75.10830746275838,,,,,594.1572628798029,199.8619687841766,594.1572628798029,71.0839958072288,224.4954922361536,171.69178719546932,,,183.6774740157818,134.3231789655514,168.7300307238146,150.42042558766985,122.73789751776185,105.00319404669273
labeled-data\20180205(coh1)_Trial1\img15180.png,59.49871435943926,206.76078876508456,57.77400936421229,51.5373391946564,111.8147658813243,200.4368704492523,111.23986421624865,72.80870080245575,,,,,594.7321645448786,198.7121654540253,594.1572628798029,71.0839958072288,,,199.19981897282457,118.80083400850856,,,,,134.81083248435073,152.72003224797248
labeled-data\20180205(coh1)_Trial1\img13161.png,,,57.19910769913663,50.387535864505026,108.94025755594602,202.73647710955493,112.96456921147562,72.23379913738006,,,,,595.3070662099543,200.4368704492523,594.7321645448786,68.78438914692617,404.4397134048351,152.14513058289685,382.5934501319601,181.46511550175552,360.747186859085,149.27062225751854,353.8483668781771,169.39218053516663,307.8562336721243,126.84945731956782
labeled-data\20180205(coh1)_Trial1\img14846.png,58.34891102928795,207.91059209523587,59.49871435943926,53.26204418988334,111.8147658813243,198.7121654540253,112.38966754639996,69.35929081200186,,,,,593.5823612147274,198.13726378894967,592.432557884576,69.93419247707743,,,,,,,,,333.726808600529,118.22593234343293
labeled-data\20180205(coh1)_Trial1\img00600.png,56.62420603406095,209.06039542538718,56.04930436898529,50.387535864505026,111.23986421624865,198.13726378894967,110.8176155090332,69.61767435073853,,,,,595.88196787503,195.83765712864698,593.0074595496517,66.48478248662354,522.2945547453455,164.79296721456137,530.9180797214804,198.13726378894967,499.87338980739474,179.1655088414529,530.9180797214804,157.89414723365343,460.20517491717413,130.29886731002176
labeled-data\20180205(coh1)_Trial1\img08560.png,,,58.34891102928795,51.5373391946564,110.09006088609733,200.4368704492523,113.53947087655128,69.35929081200186,,,,,598.1815745353326,198.7121654540253,592.432557884576,66.48478248662354,252.56097733974457,144.72672605514526,,,207.6206747901117,106.14882892970687,198.08040965760478,125.88730851420398,150.3331774413935,121.67534233388687
labeled-data\20180205(coh1)_Trial1\img02612.png,,,57.19910769913663,50.96243752958071,113.53947087655128,203.88628043970624,114.68927420670259,70.50909414215312,,,,,598.7564762004083,202.73647710955493,592.432557884576,66.48478248662354,573.4608029370793,148.6957205924429,,,548.7400313388258,149.84552392259423,563.1125729657174,185.48942715728515,491.8247664963355,163.64316388441006
labeled-data\20180205(coh1)_Trial1\img11116.png,60.07361602451492,208.48549376031156,55.47440270390963,52.687142524807655,108.36535589087033,199.28706711910098,112.96456921147562,69.35929081200186,,,,,594.7321645448786,198.13726378894967,594.1572628798029,68.78438914692617,578.6349179227601,185.48942715728515,583.2341312433655,195.26275546357135,581.310753001517,159.7823384919362,561.3878679704903,162.49336055425874,568.8615896164739,100.40398072608747
labeled-data\20180205(coh1)_Trial1\img14646.png,59.49871435943926,209.63529709046287,60.07361602451492,52.687142524807655,111.23986421624865,202.16157544447924,112.96456921147562,74.5334057976828,,,,,594.1572628798029,199.8619687841766,594.7321645448786,71.0839958072288,314.18015198795655,121.67534233388687,351.5487602178745,122.2502439989625,,,337.17621859098296,148.12081892736722,290.6091837198545,148.12081892736722
labeled-data\20180205(coh1)_Trial1\img06952.png,58.34891102928795,208.48549376031156,57.19910769913663,52.11224085973197,108.36535589087033,201.01177211432793,,,,,,,595.88196787503,199.8619687841766,593.0074595496517,66.48478248662354,230.24450888691024,91.78045574995252,,,176.20375236979822,71.0839958072288,184.25237568085743,107.30280070699536,125.03750417806448,99.25417739593615
labeled-data\20180205(coh1)_Trial1\img14643.png,59.49871435943926,207.33569043016018,60.07361602451492,52.11224085973197,107.21555256071902,197.56236212387398,112.96456921147562,69.93419247707743,,,,,595.88196787503,200.4368704492523,594.7321645448786,72.23379913738006,299.8076103610651,130.29886731002176,349.24915355757184,118.80083400850856,,,342.9252352417396,149.27062225751854,288.8844787246275,145.2463106019889
labeled-data\20180205(coh1)_Trial1\img13045.png,55.47440270390963,209.06039542538718,57.19910769913663,52.687142524807655,110.66496255117299,199.8619687841766,110.66496255117299,69.93419247707743,,,,,,,,,238.86803386304513,175.14119718592326,,,194.60060565221931,138.92239228615665,179.65316236025217,155.5945405733508,143.43435746048561,107.87770237207104
labeled-data\20180205(coh1)_Trial1\img11028.png,59.49871435943926,208.48549376031156,56.04930436898529,50.96243752958071,110.66496255117299,195.26275546357135,109.19663906097412,70.29172992706299,,,,,595.3070662099543,201.5866737794036,593.5823612147274,68.78438914692617,565.9870812910957,189.51373881281472,,,582.6592295782898,159.61885222888043,561.3878679704903,155.01963890827517,565.41217962602,103.27848905146573
labeled-data\20180205(coh1)_Trial1\img07315.png,57.77400936421229,210.2101987555385,56.04930436898529,51.5373391946564,110.66496255117299,199.28706711910098,,,,,,,594.7321645448786,198.13726378894967,592.432557884576,72.80870080245575,116.41397920192959,133.17337563540008,102.61633924011376,84.306734103969,,,,,196.90021231252194,77.407914123061
labeled-data\20180205(coh1)_Trial1\img00262.png,59.49871435943926,207.33569043016018,59.49871435943926,52.687142524807655,111.8147658813243,199.8619687841766,111.8147658813243,75.10830746275838,,,,,598.1815745353326,195.26275546357135,593.0074595496517,71.65889747230449,591.2827545544246,153.29493391304817,598.7564762004083,173.41649219069626,,,,,513.6710297692106,134.3231789655514
labeled-data\20180205(coh1)_Trial1\img12135.png,,,55.47440270390963,49.81263419942934,110.66496255117299,199.28706711910098,112.96456921147562,68.78438914692617,,,,,594.7321645448786,199.28706711910098,594.7321645448786,70.50909414215312,548.1651296737502,186.06432882236078,,,580.9345245830629,160.76865555903174,560.8129663054148,153.86983557812385,578.6349179227601,96.95457073563347
labeled-data\20180205(coh1)_Trial1\img13804.png,,,56.62420603406095,50.96243752958071,112.96456921147562,199.8619687841766,112.96456921147562,71.65889747230449,,,,,592.432557884576,197.56236212387398,590.707852889349,69.35929081200186,548.1651296737502,151.57022891782117,587.8333445639707,144.0965072718376,574.0357046021549,139.49729395123234,574.0357046021549,178.01570551130158,521.1447514151942,146.39611393214022
labeled-data\20180205(coh1)_Trial1\img16193.png,54.899501038833975,210.78510042061419,60.07361602451492,56.71145418033734,111.23986421624865,198.7121654540253,112.38966754639996,75.10830746275838,,,,,596.4568695401056,198.13726378894967,597.0317712051813,71.65889747230449,,,582.0843279132141,156.16944223842648,,,561.3878679704903,186.63923048743646,514.2459314342863,137.1976872909297
labeled-data\20180205(coh1)_Trial1\img16100.png,57.19910769913663,211.9349037507655,56.04930436898529,55.56165085018597,110.66496255117299,197.56236212387398,111.8147658813243,69.93419247707743,,,,,592.432557884576,198.13726378894967,595.3070662099543,68.78438914692617,533.7925880468587,140.64709728138365,568.8615896164739,138.92239228615665,,,564.8372779609443,173.99139385577195,515.9706364295132,135.4729822957027
labeled-data\20180205(coh1)_Trial1\img11468.png,62.37322268481755,208.48549376031156,56.04930436898529,53.836945854959026,,,110.9370493888855,68.19424885511398,,,,,,,591.8576562195003,69.93419247707743,111.8147658813243,155.5945405733508,,,135.38573414942636,122.82514566403819,118.13868419715656,93.50516074517952,184.8272773459331,90.05575075472558
labeled-data\20180205(coh1)_Trial1\img04791.png,,,58.923812694363605,50.96243752958071,111.8147658813243,206.18588710000887,111.23986421624865,76.25811079290975,,,,,594.1572628798029,201.5866737794036,594.1572628798029,68.78438914692617,319.3542669736375,129.72396564494613,361.89699018923636,165.9427705447127,352.6985635480258,138.34749062108102,326.82798861962107,163.06826221933437,298.6578070309138,119.37573567358424
labeled-data\20180205(coh1)_Trial1\img15916.png,58.923812694363605,208.48549376031156,58.34891102928795,54.986749185110284,111.23986421624865,199.28706711910098,112.38966754639996,69.93419247707743,,,,,595.3070662099543,199.8619687841766,596.4568695401056,72.23379913738006,549.8898346689772,135.4729822957027,582.6592295782898,135.4729822957027,,,574.0357046021549,168.24237720501532,517.6953414247403,136.0478839607784
labeled-data\20180205(coh1)_Trial1\img00605.png,,,54.32459937375832,50.387535864505026,108.94025755594602,199.8619687841766,109.85115194320679,69.9955267906189,,,,,594.1572628798029,198.13726378894967,591.2827545544246,68.20948748185049,511.3714231089079,148.6957205924429,530.9180797214804,180.3153121716042,,,,,456.18086326164456,135.4729822957027
labeled-data\20180205(coh1)_Trial1\img11565.png,57.19910769913663,209.06039542538718,56.04930436898529,53.26204418988334,111.8147658813243,199.8619687841766,110.09006088609733,76.83301245798543,,,,,594.1572628798029,203.3113787746306,591.2827545544246,69.35929081200186,208.97314727911083,154.44473724319948,,,162.40611240798233,103.27848905146573,148.03357078109087,130.87376897509745,134.81083248435073,76.83301245798543
labeled-data\20180205(coh1)_Trial1\img17720.png,57.19910769913663,208.48549376031156,57.77400936421229,52.11224085973197,110.09006088609733,197.56236212387398,,,,,,,594.7321645448786,200.4368704492523,593.5823612147274,72.23379913738006,256.6899854803906,83.73183243889332,,,,,224.4954922361536,107.30280070699536,160.1065057476797,101.55378405623878
labeled-data\20180205(coh1)_Trial1\img11176.png,,,60.07361602451492,54.986749185110284,110.66496255117299,201.01177211432793,112.38966754639996,72.23379913738006,,,,,595.88196787503,196.98746045879835,591.8576562195003,68.20948748185049,503.8977014629243,157.89414723365343,,,559.6631629752634,163.64316388441006,,,570.0113929466253,105.57809571176841
labeled-data\20180205(coh1)_Trial1\img15894.png,,,57.77400936421229,54.4118475200346,109.51515922102168,201.01177211432793,114.11437254162693,74.5334057976828,,,,,594.7321645448786,199.28706711910098,593.0074595496517,73.95850413260712,532.6427847167074,152.14513058289685,582.6592295782898,153.86983557812385,,,572.8859012720036,171.69178719546932,519.9949480850429,137.77258895600534
labeled-data\20180205(coh1)_Trial1\img04616.png,,,57.19910769913663,52.687142524807655,111.23986421624865,203.88628043970624,,,,,,,594.7321645448786,197.56236212387398,594.7321645448786,68.78438914692617,179.07826069517648,122.82514566403819,224.4954922361536,125.12475232434082,196.90021231252194,98.67927573086047,208.97314727911083,140.07219561630797,144.00925912556124,125.12475232434082
labeled-data\20180205(coh1)_Trial1\img02771.png,58.923812694363605,206.76078876508456,57.77400936421229,51.5373391946564,110.09006088609733,197.56236212387398,108.94025755594602,73.95850413260712,,,,,595.3070662099543,199.28706711910098,594.1572628798029,70.50909414215312,455.6059615965689,139.49729395123234,,,497.5737831470921,118.80083400850856,495.2741764867894,82.58202910874195,571.1611962767765,118.80083400850856
labeled-data\20180205(coh1)_Trial1\img06990.png,57.19910769913663,209.63529709046287,54.899501038833975,51.5373391946564,110.66496255117299,200.4368704492523,112.38966754639996,72.23379913738006,,,,,593.0074595496517,198.7121654540253,589.5580495591977,67.6345858167748,354.9981702083284,122.82514566403819,,,,,302.56014957886237,109.05871279186076,233.1190172122885,91.78045574995252
labeled-data\20180205(coh1)_Trial1\img14655.png,55.47440270390963,206.18588710000887,55.47440270390963,53.26204418988334,116.41397920192959,195.26275546357135,114.68927420670259,68.78438914692617,,,,,595.3070662099543,198.7121654540253,590.1329512242734,70.50909414215312,403.28991007468386,139.49729395123234,,,354.92200797817657,124.13510677157578,352.7267938935456,150.6867437952077,294.05859371030846,145.8212122670646
labeled-data\20180205(coh1)_Trial1\img10568.png,54.899501038833975,209.06039542538718,58.923812694363605,53.836945854959026,107.79045422579468,200.4368704492523,112.38966754639996,75.68320912783406,,,,,590.1329512242734,198.7121654540253,593.0074595496517,69.35929081200186,183.1025723507061,141.22199894645934,226.7950988964563,113.05181735775199,,,,,159.53160408260408,144.67140893691328
labeled-data\20180205(coh1)_Trial1\img13864.png,,,56.62420603406095,52.11224085973197,110.66496255117299,199.28706711910098,114.11437254162693,70.50909414215312,,,,,592.7819571495056,193.28639221191406,592.432557884576,68.78438914692617,540.6914080277667,144.0965072718376,582.0843279132141,142.37180227661065,,,575.2261146196648,170.57163862499652,518.2702430898158,148.6957205924429
labeled-data\20180205(coh1)_Trial1\img01610.png,60.07361602451492,209.63529709046287,56.04930436898529,54.4118475200346,112.38966754639996,203.88628043970624,111.23986421624865,71.65889747230449,,,,,595.3070662099543,200.4368704492523,594.7321645448786,69.35929081200186,450.43184661088793,145.8212122670646,,,480.9016348598979,111.90201402760067,463.07968324255245,99.25417739593615,545.2906213483719,95.22986574040652
labeled-data\20180205(coh1)_Trial1\img01611.png,61.223419354666234,205.03608376985756,55.47440270390963,56.136552515261656,111.23986421624865,201.5866737794036,114.68927420670259,71.65889747230449,,,,,591.2827545544246,196.41255879372267,593.0074595496517,71.65889747230449,448.707141615661,142.94670394168628,,,479.17692986467097,107.87770237207104,461.9298799124012,96.37966907055784,545.8655230134475,95.22986574040652
labeled-data\20180205(coh1)_Trial1\img01615.png,56.04930436898529,206.76078876508456,60.07361602451492,53.26204418988334,111.8147658813243,203.3113787746306,112.38966754639996,77.98281578813669,,,,,593.5823612147274,196.41255879372267,590.1329512242734,71.0839958072288,426.28597667771027,140.07219561630797,,,457.33066659179593,113.62671902282761,438.9338133093748,86.03143909919595,530.3431780564048,105.00319404669273
labeled-data\20180205(coh1)_Trial1\img08298.png,57.19910769913663,207.91059209523587,58.34891102928795,55.56165085018597,111.8147658813243,203.88628043970624,111.23986421624865,75.10830746275838,,,,,593.0074595496517,195.26275546357135,595.88196787503,71.0839958072288,455.6059615965689,135.4729822957027,479.17692986467097,103.27848905146573,504.472603128,129.14906397987045,507.9220131184539,96.37966907055784,575.1855079323062,117.65103067835724
labeled-data\20180205(coh1)_Trial1\img08302.png,58.34891102928795,207.33569043016018,60.07361602451492,52.687142524807655,111.23986421624865,199.28706711910098,110.09006088609733,71.0839958072288,,,,,594.1572628798029,201.5866737794036,593.5823612147274,72.80870080245575,432.60989499354247,140.07219561630797,452.156551606115,102.7035873863901,477.452224869444,121.67534233388687,475.1526182091413,90.05575075472558,555.0639496546581,121.67534233388687
labeled-data\20180205(coh1)_Trial1\img12180.png,59.49871435943926,207.91059209523587,57.19910769913663,54.986749185110284,107.21555256071902,201.5866737794036,112.38966754639996,71.0839958072288,,,,,,,594.7321645448786,71.65889747230449,534.94239137701,179.1655088414529,,,578.6349179227601,164.79296721456137,563.687474630793,141.79690061153497,579.7847212529115,98.67927573086047
labeled-data\20180205(coh1)_Trial1\img12184.png,54.899501038833975,210.2101987555385,56.62420603406095,50.387535864505026,112.38966754639996,200.4368704492523,114.11437254162693,72.23379913738006,,,,,597.0317712051813,198.7121654540253,591.8576562195003,69.35929081200186,537.2419980373127,176.8659021811502,,,578.6349179227601,163.06826221933437,559.0882613101877,140.07219561630797,576.9102129275332,98.10437406578484
labeled-data\20180205(coh1)_Trial1\img12185.png,58.34891102928795,210.2101987555385,57.19910769913663,52.687142524807655,110.66496255117299,203.3113787746306,112.38966754639996,74.5334057976828,,,,,592.432557884576,198.13726378894967,592.432557884576,65.90988082154786,537.2419980373127,178.5906071763772,,,577.4851145926089,162.49336055425874,558.513359645112,140.64709728138365,576.3353112624575,95.80476740548215
labeled-data\20180205(coh1)_Trial1\img12190.png,,,57.19910769913663,52.687142524807655,110.66496255117299,204.46118210478193,113.53947087655128,73.95850413260712,,,,,591.8576562195003,199.8619687841766,594.7321645448786,67.05968415169912,535.5172930420857,178.5906071763772,,,571.1611962767765,157.89414723365343,559.0882613101877,142.37180227661065,578.0600162576845,97.52947240070915
labeled-data\20180205(coh1)_Trial1\img12191.png,,,55.47440270390963,53.836945854959026,108.36535589087033,198.7121654540253,112.96456921147562,77.98281578813669,,,,,594.1572628798029,199.8619687841766,593.5823612147274,67.6345858167748,536.667096372237,179.1655088414529,,,572.8859012720036,161.34355722410743,560.8129663054148,143.52160560676197,579.2098195878358,98.10437406578484
labeled-data\20180205(coh1)_Trial1\img12192.png,,,58.923812694363605,50.96243752958071,110.09006088609733,201.01177211432793,111.23986421624865,72.23379913738006,,,,,596.4568695401056,201.01177211432793,592.432557884576,66.48478248662354,534.94239137701,179.74041050652852,,,574.6106062672305,163.06826221933437,559.0882613101877,142.94670394168628,578.6349179227601,98.10437406578484
labeled-data\20180205(coh1)_Trial1\img12194.png,,,55.47440270390963,52.687142524807655,110.09006088609733,202.16157544447924,112.38966754639996,77.407914123061,,,,,595.3070662099543,202.73647710955493,592.432557884576,71.65889747230449,535.5172930420857,180.3153121716042,,,574.0357046021549,161.34355722410743,560.8129663054148,144.67140893691328,577.4851145926089,97.52947240070915
labeled-data\20180205(coh1)_Trial1\img12195.png,56.04930436898529,211.9349037507655,57.19910769913663,53.26204418988334,108.94025755594602,200.4368704492523,112.38966754639996,69.35929081200186,,,,,594.7321645448786,201.01177211432793,593.5823612147274,71.0839958072288,536.0921947071613,179.74041050652852,,,573.4608029370793,160.76865555903174,559.0882613101877,142.94670394168628,576.9102129275332,98.67927573086047
labeled-data\20180205(coh1)_Trial1\img12196.png,55.47440270390963,207.33569043016018,58.34891102928795,51.5373391946564,112.96456921147562,199.8619687841766,114.68927420670259,75.68320912783406,,,,,591.2827545544246,198.13726378894967,594.1572628798029,69.35929081200186,535.0301244258881,178.020742893219,,,575.7604095973819,160.1937538939561,559.6631629752634,142.94670394168628,575.1855079323062,96.95457073563347
labeled-data\20180205(coh1)_Trial1\img12197.png,59.49871435943926,208.48549376031156,53.74969770868266,52.11224085973197,114.11437254162693,201.01177211432793,112.38966754639996,77.98281578813669,,,,,593.5823612147274,203.88628043970624,591.8576562195003,71.0839958072288,533.7925880468587,180.89021383667983,,,574.0357046021549,158.4690488987291,556.2137529848094,141.79690061153497,578.0600162576845,94.65496407533084
labeled-data\20180205(coh1)_Trial1\img12198.png,58.34891102928795,207.33569043016018,56.04930436898529,51.5373391946564,111.23986421624865,200.4368704492523,110.66496255117299,73.38360246753143,,,,,593.5823612147274,201.01177211432793,594.1572628798029,68.20948748185049,534.94239137701,183.18982049698246,,,572.3109996069279,157.3192455685778,558.513359645112,140.64709728138365,576.9102129275332,92.9302590801039
labeled-data\20180205(coh1)_Trial1\img12199.png,58.923812694363605,205.61098543493324,58.923812694363605,52.11224085973197,111.8147658813243,200.4368704492523,111.8147658813243,71.0839958072288,,,,,593.5823612147274,200.4368704492523,595.88196787503,67.05968415169912,537.2419980373127,179.74041050652852,,,572.3109996069279,156.7443439035021,562.5376713006417,142.94670394168628,578.6349179227601,96.95457073563347
labeled-data\20180205(coh1)_Trial1\img12202.png,59.49871435943926,210.2101987555385,59.49871435943926,53.26204418988334,111.8147658813243,200.4368704492523,114.68927420670259,75.10830746275838,,,,,597.0317712051813,203.3113787746306,590.707852889349,69.35929081200186,538.9667030325396,178.01570551130158,,,573.4608029370793,157.89414723365343,559.6631629752634,143.52160560676197,577.4851145926089,98.10437406578484
labeled-data\20180205(coh1)_Trial1\img12203.png,58.34891102928795,209.06039542538718,58.34891102928795,53.26204418988334,114.11437254162693,201.5866737794036,112.38966754639996,76.25811079290975,,,,,597.0317712051813,199.8619687841766,595.3070662099543,70.50909414215312,538.3918013674639,178.01570551130158,,,575.7604095973819,162.49336055425874,559.6631629752634,142.94670394168628,576.9102129275332,97.52947240070915
labeled-data\20180205(coh1)_Trial1\img12204.png,55.47440270390963,208.48549376031156,59.49871435943926,53.836945854959026,111.23986421624865,201.5866737794036,110.09006088609733,71.65889747230449,,,,,595.3070662099543,201.01177211432793,591.2827545544246,70.50909414215312,538.3918013674639,177.4408038462259,,,573.4608029370793,160.76865555903174,556.2137529848094,140.64709728138365,576.3353112624575,96.37966907055784
labeled-data\20180205(coh1)_Trial1\img12205.png,57.19910769913663,208.48549376031156,56.04930436898529,54.4118475200346,111.23986421624865,199.8619687841766,110.66496255117299,68.78438914692617,,,,,595.3070662099543,201.01177211432793,591.8576562195003,69.93419247707743,542.9910146880693,173.41649219069626,,,571.7360979418522,159.04395056380474,556.2137529848094,139.49729395123234,578.0600162576845,97.52947240070915
labeled-data\20180205(coh1)_Trial1\img12206.png,56.62420603406095,209.63529709046287,58.34891102928795,53.836945854959026,109.51515922102168,202.16157544447924,113.53947087655128,73.38360246753143,,,,,592.432557884576,202.16157544447924,594.1572628798029,69.35929081200186,544.7157196832962,169.39218053516663,,,570.586294611701,157.89414723365343,557.9384579800364,138.34749062108102,578.6349179227601,98.67927573086047
labeled-data\20180205(coh1)_Trial1\img12207.png,57.19910769913663,209.63529709046287,58.34891102928795,54.4118475200346,111.8147658813243,204.46118210478193,108.94025755594602,71.0839958072288,,,,,593.5823612147274,199.28706711910098,593.5823612147274,68.20948748185049,544.1408180182206,169.39218053516663,,,572.8859012720036,155.5945405733508,557.9384579800364,139.49729395123234,575.7604095973819,98.67927573086047
labeled-data\20180205(coh1)_Trial1\img12208.png,56.62420603406095,209.06039542538718,56.62420603406095,51.5373391946564,112.38966754639996,201.5866737794036,111.8147658813243,71.0839958072288,,,,,598.1815745353326,203.88628043970624,597.606672870257,69.93419247707743,543.5659163531449,167.6674755399397,,,,,556.2137529848094,133.17337563540008,573.4608029370793,99.25417739593615
labeled-data\20180205(coh1)_Trial1\img12209.png,,,58.34891102928795,52.11224085973197,111.8147658813243,200.4368704492523,111.23986421624865,69.93419247707743,,,,,595.3070662099543,202.16157544447924,593.5823612147274,68.20948748185049,544.7157196832962,169.39218053516663,,,567.7117862863226,161.34355722410743,553.9141463245068,140.64709728138365,575.9729461669922,100.09495634585619
labeled-data\20180205(coh1)_Trial1\img12211.png,,,56.62420603406095,52.11224085973197,110.09006088609733,202.16157544447924,111.8147658813243,71.65889747230449,,,,,591.8576562195003,199.28706711910098,593.5823612147274,73.38360246753143,544.1408180182206,169.96708220024232,,,565.9870812910957,163.64316388441006,549.9951769113541,136.12956404685974,575.6463284492493,99.2070364356041
labeled-data\20180205(coh1)_Trial1\img12212.png,,,52.02499271345569,51.5373391946564,113.53947087655128,201.5866737794036,111.05255317687988,70.715567111969,,,,,594.7321645448786,201.5866737794036,594.7321645448786,71.0839958072288,546.4404246785232,166.51767220978837,,,569.4364912815496,165.9427705447127,546.4404246785232,139.49729395123234,576.9102129275332,101.55378405623878
labeled-data\20180205(coh1)_Trial1\img12213.png,,,60.64851768959058,52.687142524807655,111.8147658813243,203.88628043970624,111.8147658813243,70.50909414215312,,,,,595.88196787503,201.5866737794036,594.1572628798029,73.38360246753143,547.5902280086746,170.54198386531795,,,,,549.9678446054459,136.2903389930725,579.7847212529115,96.95457073563347
labeled-data\20180205(coh1)_Trial1\img12214.png,,,57.19910769913663,52.687142524807655,111.8147658813243,200.4368704492523,110.66496255117299,72.23379913738006,,,,,597.606672870257,200.4368704492523,593.0074595496517,70.50909414215312,548.1651296737502,165.9427705447127,,,571.7360979418522,161.91845888918306,549.8898346689772,138.34749062108102,575.5621585845947,99.18987154960632
labeled-data\20180205(coh1)_Trial1\img12215.png,,,60.64851768959058,55.56165085018597,111.8147658813243,202.16157544447924,115.83907753685394,72.23379913738006,,,,,596.4568695401056,199.8619687841766,592.432557884576,72.80870080245575,545.8655230134475,163.64316388441006,,,573.4608029370793,158.4690488987291,547.5902280086746,136.0478839607784,578.6349179227601,98.10437406578484
labeled-data\20180205(coh1)_Trial1\img12216.png,,,57.19910769913663,51.5373391946564,111.23986421624865,202.16157544447924,109.51515922102168,72.23379913738006,,,,,596.4568695401056,202.16157544447924,594.7321645448786,72.23379913738006,557.9384579800364,160.76865555903174,,,,,,,579.2098195878358,94.08006241025521
labeled-data\20180205(coh1)_Trial1\img12217.png,,,57.19910769913663,53.836945854959026,107.79045422579468,199.8619687841766,111.22683715820312,70.06378602981567,,,,,595.3070662099543,201.5866737794036,591.8576562195003,69.35929081200186,563.687474630793,159.61885222888043,,,570.0113929466253,160.76865555903174,,,577.4851145926089,98.10437406578484
labeled-data\20180205(coh1)_Trial1\img12218.png,,,57.19910769913663,54.4118475200346,111.23986421624865,198.7121654540253,111.23986421624865,74.5334057976828,,,,,596.4568695401056,199.28706711910098,591.8576562195003,69.35929081200186,563.687474630793,159.04395056380474,530.9180797214804,151.57022891782117,,,,,580.3596229179872,96.95457073563347
labeled-data\20180205(coh1)_Trial1\img12219.png,,,56.62420603406095,53.26204418988334,111.23986421624865,200.4368704492523,114.68927420670259,74.5334057976828,,,,,594.1572628798029,198.7121654540253,591.2827545544246,68.20948748185049,562.5376713006417,152.14513058289685,531.492981386556,144.0965072718376,,,,,581.5094262481384,94.65496407533084
labeled-data\20180205(coh1)_Trial1\img12220.png,,,58.923812694363605,55.56165085018597,112.96456921147562,200.4368704492523,114.68927420670259,71.0839958072288,,,,,597.0317712051813,202.73647710955493,590.707852889349,66.48478248662354,561.962769635566,152.72003224797248,534.3674897119344,137.1976872909297,,,,,582.0843279132141,94.65496407533084
labeled-data\20180205(coh1)_Trial1\img12221.png,,,55.47440270390963,51.5373391946564,108.36535589087033,199.8619687841766,110.80825328826904,69.88985681533813,,,,,593.5823612147274,199.8619687841766,594.1572628798029,69.93419247707743,555.0639496546581,152.14513058289685,531.492981386556,138.92239228615665,,,,,578.6349179227601,96.37966907055784
labeled-data\20180205(coh1)_Trial1\img12222.png,,,57.77400936421229,52.687142524807655,114.11437254162693,202.73647710955493,110.73959589004517,70.13770866394043,,,,,595.3070662099543,199.8619687841766,595.3070662099543,68.20948748185049,549.8898346689772,152.14513058289685,533.7925880468587,141.79690061153497,,,,,579.7847212529115,96.95457073563347
labeled-data\20180205(coh1)_Trial1\img12223.png,,,54.32459937375832,54.4118475200346,109.51515922102168,196.41255879372267,114.68927420670259,72.23379913738006,,,,,594.7321645448786,203.88628043970624,591.2827545544246,70.50909414215312,540.6914080277667,162.49336055425874,529.1933747262534,145.8212122670646,,,,,582.6592295782898,94.08006241025521
labeled-data\20180205(coh1)_Trial1\img12225.png,,,57.77400936421229,53.26204418988334,109.51515922102168,198.13726378894967,112.38966754639996,69.93419247707743,,,,,596.4568695401056,203.88628043970624,594.1572628798029,70.50909414215312,515.9706364295132,165.9427705447127,,,558.513359645112,142.37180227661065,,,583.809032908441,98.67927573086047
labeled-data\20180205(coh1)_Trial1\img12226.png,,,58.923812694363605,53.836945854959026,111.23986421624865,199.28706711910098,109.28918790817261,69.88404846191406,,,,,597.0317712051813,198.13726378894967,597.0317712051813,72.80870080245575,506.77220978830263,154.44473724319948,,,,,,,582.0843279132141,97.52947240070915
labeled-data\20180205(coh1)_Trial1\img12227.png,,,59.49871435943926,52.11224085973197,110.09006088609733,198.7121654540253,116.41397920192959,73.38360246753143,,,,,595.3070662099543,201.01177211432793,594.1572628798029,68.20948748185049,505.0475047930757,149.84552392259423,,,546.4404246785232,145.8212122670646,548.1651296737502,115.35142401805462,583.2341312433655,94.08006241025521
labeled-data\20180205(coh1)_Trial1\img12228.png,,,53.74969770868266,52.687142524807655,112.38966754639996,202.16157544447924,114.11437254162693,69.35929081200186,,,,,597.0317712051813,200.4368704492523,595.3070662099543,69.93419247707743,499.29848814231906,145.8212122670646,,,545.2906213483719,141.79690061153497,536.667096372237,113.62671902282761,583.809032908441,94.65496407533084
labeled-data\20180205(coh1)_Trial1\img12229.png,,,58.34891102928795,53.26204418988334,110.66496255117299,199.28706711910098,112.96456921147562,69.35929081200186,,,,,,,595.88196787503,68.20948748185049,491.8247664963355,150.42042558766985,,,545.8655230134475,141.22199894645934,531.492981386556,112.4769156926763,582.6592295782898,96.95457073563347
labeled-data\20180205(coh1)_Trial1\img12230.png,,,57.19910769913663,52.687142524807655,111.23986421624865,196.98746045879835,114.68927420670259,71.0839958072288,,,,,593.5823612147274,198.13726378894967,591.8576562195003,69.93419247707743,495.84907815186506,146.9710155972159,,,542.9910146880693,142.94670394168628,530.9180797214804,113.62671902282761,582.0843279132141,98.67927573086047
labeled-data\20180205(coh1)_Trial1\img12231.png,,,58.34891102928795,50.387535864505026,109.51515922102168,199.28706711910098,112.38966754639996,71.65889747230449,,,,,,,593.5823612147274,70.50909414215312,491.2498648312598,152.14513058289685,,,540.6914080277667,141.79690061153497,544.1408180182206,118.80083400850856,582.0843279132141,97.52947240070915
labeled-data\20180205(coh1)_Trial1\img12233.png,,,55.47440270390963,51.5373391946564,108.36535589087033,199.28706711910098,114.68927420670259,71.0839958072288,,,,,605.0803945162405,198.13726378894967,594.7321645448786,67.05968415169912,490.6749631661841,150.99532725274554,511.9463247739836,118.80083400850856,539.5416046976153,137.77258895600534,540.116506362691,114.2016206879033,582.6592295782898,98.67927573086047
labeled-data\20180205(coh1)_Trial1\img12240.png,58.923812694363605,211.3600020856898,56.04930436898529,50.96243752958071,110.09006088609733,204.46118210478193,113.53947087655128,74.5334057976828,,,,,594.7321645448786,198.7121654540253,594.1572628798029,68.78438914692617,488.3753565058815,139.49729395123234,,,537.8168997023884,129.72396564494613,,,583.2341312433655,98.10437406578484
labeled-data\20180205(coh1)_Trial1\img12241.png,59.49871435943926,208.48549376031156,56.62420603406095,54.986749185110284,112.96456921147562,200.4368704492523,116.41397920192959,75.68320912783406,,,,,594.7321645448786,198.7121654540253,596.4568695401056,67.6345858167748,489.52515983603286,137.77258895600534,,,532.6427847167074,126.27455565449213,524.0192597405725,95.80476740548215,583.809032908441,99.25417739593615
