scorer,DeepCut_resnet101_LinearChamber2Jan7shuffle1_100000,DeepCut_resnet101_LinearChamber2Jan7shuffle1_100000,DeepCut_resnet101_LinearChamber2Jan7shuffle1_100000,DeepCut_resnet101_LinearChamber2Jan7shuffle1_100000,DeepCut_resnet101_LinearChamber2Jan7shuffle1_100000,DeepCut_resnet101_LinearChamber2Jan7shuffle1_100000,DeepCut_resnet101_LinearChamber2Jan7shuffle1_100000,DeepCut_resnet101_LinearChamber2Jan7shuffle1_100000,DeepCut_resnet101_LinearChamber2Jan7shuffle1_100000,DeepCut_resnet101_LinearChamber2Jan7shuffle1_100000,DeepCut_resnet101_LinearChamber2Jan7shuffle1_100000,DeepCut_resnet101_LinearChamber2Jan7shuffle1_100000,DeepCut_resnet101_LinearChamber2Jan7shuffle1_100000,DeepCut_resnet101_LinearChamber2Jan7shuffle1_100000,DeepCut_resnet101_LinearChamber2Jan7shuffle1_100000,DeepCut_resnet101_LinearChamber2Jan7shuffle1_100000,DeepCut_resnet101_LinearChamber2Jan7shuffle1_100000,DeepCut_resnet101_LinearChamber2Jan7shuffle1_100000,DeepCut_resnet101_LinearChamber2Jan7shuffle1_100000,DeepCut_resnet101_LinearChamber2Jan7shuffle1_100000,DeepCut_resnet101_LinearChamber2Jan7shuffle1_100000,DeepCut_resnet101_LinearChamber2Jan7shuffle1_100000,DeepCut_resnet101_LinearChamber2Jan7shuffle1_100000,DeepCut_resnet101_LinearChamber2Jan7shuffle1_100000,DeepCut_resnet101_LinearChamber2Jan7shuffle1_100000,DeepCut_resnet101_LinearChamber2Jan7shuffle1_100000,DeepCut_resnet101_LinearChamber2Jan7shuffle1_100000,DeepCut_resnet101_LinearChamber2Jan7shuffle1_100000,DeepCut_resnet101_LinearChamber2Jan7shuffle1_100000,DeepCut_resnet101_LinearChamber2Jan7shuffle1_100000,DeepCut_resnet101_LinearChamber2Jan7shuffle1_100000,DeepCut_resnet101_LinearChamber2Jan7shuffle1_100000,DeepCut_resnet101_LinearChamber2Jan7shuffle1_100000,DeepCut_resnet101_LinearChamber2Jan7shuffle1_100000,DeepCut_resnet101_LinearChamber2Jan7shuffle1_100000,DeepCut_resnet101_LinearChamber2Jan7shuffle1_100000,DeepCut_resnet101_LinearChamber2Jan7shuffle1_100000,DeepCut_resnet101_LinearChamber2Jan7shuffle1_100000,DeepCut_resnet101_LinearChamber2Jan7shuffle1_100000
bodyparts,L1,L1,L1,L2,L2,L2,L3,L3,L3,L4,L4,L4,R1,R1,R1,R2,R2,R2,R3,R3,R3,R4,R4,R4,Tether,Tether,Tether,Nose,Nose,Nose,LeftEar,LeftEar,LeftEar,RightEar,RightEar,RightEar,TailBase,TailBase,TailBase
coords,x,y,likelihood,x,y,likelihood,x,y,likelihood,x,y,likelihood,x,y,likelihood,x,y,likelihood,x,y,likelihood,x,y,likelihood,x,y,likelihood,x,y,likelihood,x,y,likelihood,x,y,likelihood,x,y,likelihood
labeled-data\20180205(coh1)_Trial1\img09772.png,55.940423011779785,208.30496883392334,0.7444741129875183,55.31210732460022,50.74664235115051,0.9992313385009766,109.72564256191254,199.11215734481812,0.9913490414619446,113.31162357330322,70.14788961410522,0.9978475570678711,608.7068872451782,195.70157253742218,0.03235165402293205,614.2405033111572,65.60995674133301,0.02146281860768795,591.6265139579773,197.39286315441132,0.9796336889266968,592.5040893554688,71.15922617912292,0.9990966320037842,271.9481225013733,177.1047294139862,0.9946460723876953,228.24351501464844,157.8236427307129,0.0850515067577362,233.21149587631226,131.04254281520844,0.9897403717041016,209.88412952423096,143.99607133865356,0.9693370461463928,189.02692127227783,86.66983032226562,0.9990033507347107
labeled-data\20180205(coh1)_Trial1\img06248.png,56.165276288986206,208.8629550933838,0.8034430742263794,56.114590883255005,50.34076654911041,0.999180257320404,109.94486725330353,199.76101112365723,0.9933221936225891,111.24070453643799,72.78836345672607,0.9992511868476868,608.2385411262512,196.59773123264313,0.08709845691919327,613.3534069061279,65.23709678649902,0.020681949332356453,592.5874490737915,196.14300933480263,0.9787089228630066,592.2266426086426,70.31851243972778,0.99886155128479,405.75844264030457,156.97985565662384,0.9998027682304382,106.21537363529205,85.06027221679688,0.025987381115555763,448.80028223991394,147.49141031503677,0.9898114204406738,436.8963431119919,116.92813968658447,0.9960303902626038,492.55578076839447,108.9018891453743,0.9991793036460876
labeled-data\20180205(coh1)_Trial1\img05863.png,56.654484272003174,207.33780336380005,0.7752184867858887,55.74694108963013,50.623698711395264,0.9988813996315002,105.27321314811707,200.74518299102783,0.9769797325134277,110.17755889892578,69.7935197353363,0.9951466917991638,608.9132533073425,195.10896342992783,0.021887565031647682,611.7425818443298,52.059988021850586,0.01652124896645546,591.3535580635071,196.74035853147507,0.9677969217300415,592.5555007457733,70.07495665550232,0.9991288781166077,249.70348644256592,123.1930804848671,0.9672389626502991,219.74492979049683,113.25543737411499,0.0619899146258831,192.8591911792755,107.9822359085083,0.9727190136909485,188.53084486722946,135.26340985298157,0.9972591400146484,126.80479288101196,133.71932542324066,0.9991658926010132
labeled-data\20180205(coh1)_Trial1\img06461.png,55.63406705856323,207.61910438537598,0.7656523585319519,55.472506046295166,50.93653762340546,0.9990044236183167,110.29360818862915,200.98117542266846,0.9905836582183838,104.51015639305115,70.45910477638245,0.9470457434654236,608.9297709465027,195.54570427536964,0.0282206479460001,613.5543270111084,65.27368354797363,0.01934952847659588,593.3666253089905,197.48960995674133,0.9784506559371948,593.6970269680023,69.7758058309555,0.999340832233429,213.3312451839447,152.00768995285034,0.9987234473228455,115.79390525817871,91.41893243789673,0.0898001492023468,168.7252984046936,108.32376247644424,0.9867156147956848,154.1463395357132,133.00271153450012,0.965820848941803,118.01979875564575,97.94817924499512,0.999122679233551
labeled-data\20180205(coh1)_Trial1\img17288.png,55.84952163696289,209.01245284080505,0.754896879196167,54.880279302597046,50.08228874206543,0.9992055296897888,109.96236026287079,200.1291537284851,0.995112955570221,110.77316808700562,70.54700541496277,0.9993552565574646,615.8957834243774,200.37960267066956,0.011916914023458958,611.2046122550964,51.25976753234863,0.010110925883054733,594.9766509532928,200.8424015045166,0.943056583404541,593.612637758255,64.68016743659973,0.9975776076316833,564.0622019991279,186.05733394622803,0.9996546506881714,571.847122117877,157.94413042068481,0.04624444991350174,585.3005840778351,147.962668415159,0.9800769686698914,562.59685587883,143.18537139892578,0.997731626033783,581.4447259902954,86.37323045730591,0.9999808073043823
labeled-data\20180205(coh1)_Trial1\img17521.png,56.30878210067749,208.1136395931244,0.7403140664100647,56.6684832572937,50.80861568450928,0.9990966320037842,110.4913158416748,200.15153121948242,0.9918376803398132,110.87332057952881,71.13300633430481,0.9986732006072998,609.8905582427979,195.9479305408895,0.048225969076156616,612.7364473342896,65.70678043365479,0.02201705053448677,590.6864576339722,196.4805110991001,0.962796688079834,593.2906138896942,70.5997986793518,0.999031662940979,357.1768968105316,167.31419730186462,0.9979548454284668,107.6297687292099,83.05655574798584,0.033978138118982315,383.893497467041,139.09213203191757,0.9816418886184692,361.7116665840149,126.38411164283752,0.9900285601615906,413.20090675354004,99.48131906986237,0.9998051524162292
labeled-data\20180205(coh1)_Trial1\img00807.png,56.46088790893555,208.35901832580566,0.7824263572692871,54.02381443977356,49.75654101371765,0.9991523027420044,109.83925139904022,201.20383167266846,0.9915454983711243,109.99018287658691,70.88809275627136,0.9993782043457031,604.1596446931362,83.18545055389404,0.02362499013543129,611.2579832077026,52.38267993927002,0.03239293769001961,591.1763319969177,196.78941595554352,0.9516599178314209,592.9231176376343,69.67195868492126,0.9993569254875183,376.07309436798096,144.39020085334778,0.9990764856338501,348.7088598012924,130.13490533828735,0.04027346149086952,327.66833996772766,122.3118805885315,0.9926014542579651,323.6734470129013,149.99541115760803,0.9990441203117371,254.17034006118774,118.84623432159424,0.9989482760429382
labeled-data\20180205(coh1)_Trial1\img12123.png,55.55778932571411,209.7177677154541,0.7763667702674866,57.015708446502686,49.32241749763489,0.9991104006767273,109.7041209936142,199.86878752708435,0.9950927495956421,111.29227304458618,70.83647751808167,0.9993962049484253,617.3295035362244,196.49717617034912,0.02164182998239994,611.8108229637146,51.803579330444336,0.0184401273727417,594.4973131418228,198.64968252182007,0.9705296158790588,592.3211946487427,68.77692586183548,0.9993430972099304,537.2790846824646,186.73702383041382,0.9992040991783142,555.1689851284027,155.70083513855934,0.028326941654086113,572.2391786575317,165.43648624420166,0.9855704307556152,559.0858037471771,147.9231372103095,0.9978534579277039,576.0601141452789,96.48546385765076,0.9998874664306641
labeled-data\20180205(coh1)_Trial1\img06463.png,55.67657995223999,207.56756162643433,0.7686783075332642,55.465553760528564,50.91549777984619,0.9989758729934692,110.08757185935974,201.04603958129883,0.9905125498771667,104.73144221305847,70.62768793106079,0.9463891386985779,609.4680480957031,195.79821094870567,0.02959921583533287,613.3675851821899,65.38308334350586,0.01830987073481083,593.1285364627838,197.89995098114014,0.978807806968689,593.7440550327301,69.84880566596985,0.9993403553962708,215.35296416282654,145.01701378822327,0.9997065663337708,115.6788101196289,91.30763864517212,0.09083686023950577,167.9916958808899,105.23699998855591,0.9857808947563171,156.0676432698965,130.91950476169586,0.9608763456344604,117.99314200878143,98.05508303642273,0.9990242719650269
labeled-data\20180205(coh1)_Trial1\img11408.png,56.476141691207886,208.18391680717468,0.7524369359016418,54.58029770851135,50.53400993347168,0.9992268085479736,110.26578688621521,201.3972511291504,0.991841197013855,111.26692628860474,69.59021544456482,0.998725950717926,609.7547378540039,196.69585210084915,0.028106974437832832,613.30797290802,65.5579137802124,0.022277209907770157,591.9504406452179,197.5039860010147,0.9787707924842834,592.8861639499664,70.3285584449768,0.9992768168449402,221.20928537845612,145.80242133140564,0.9992647767066956,238.59293246269226,113.70123243331909,0.09052597731351852,264.07174468040466,125.69753611087799,0.9832236766815186,253.15786361694336,102.20858645439148,0.9877486824989319,322.13581705093384,99.74245390295982,0.9998063445091248
labeled-data\20180205(coh1)_Trial1\img03143.png,56.43207287788391,208.42203450202942,0.7196843028068542,55.49591255187988,50.095728635787964,0.9991686344146729,110.21137404441833,199.21763634681702,0.9935937523841858,112.12240672111511,72.45409870147705,0.9992863535881042,608.408483505249,195.85037925839424,0.03570587560534477,611.9643683433533,51.42408847808838,0.02710278518497944,592.1686894893646,196.5379244685173,0.9809531569480896,592.3229451179504,70.76577568054199,0.998980700969696,485.3006491661072,160.03122186660767,0.9948815107345581,447.7649881839752,156.63293302059174,0.03342124819755554,436.690109372139,149.15710818767548,0.996374785900116,432.6061134338379,177.2544071674347,0.9798422455787659,359.0974190235138,158.81691575050354,0.999864935874939
labeled-data\20180205(coh1)_Trial1\img17392.png,56.929306507110596,208.1367211341858,0.7969636917114258,55.25536346435547,50.18881690502167,0.99903404712677,108.65443420410156,195.91955938190222,0.9930417537689209,110.09244585037231,70.4059386253357,0.9992454051971436,629.3518161773682,200.26686906814575,0.024241840466856956,610.4105334281921,49.576966285705566,0.01332932896912098,593.8165361881256,199.76108837127686,0.9832366108894348,594.6082018613815,67.07463526725769,0.9968920350074768,549.411393404007,180.3025037944317,0.9998464584350586,566.3071484565735,140.0849311426282,0.05331925302743912,578.8454514741898,144.81614589691162,0.9108508229255676,561.337956905365,135.46085000038147,0.9892014265060425,569.2867865562439,85.57633662223816,0.9994356036186218
labeled-data\20180205(coh1)_Trial1\img00700.png,55.72345447540283,208.59910893440247,0.7821449637413025,56.493876934051514,50.502745270729065,0.9990266561508179,106.70150184631348,198.2762930393219,0.9902021288871765,111.05921220779419,70.81559014320374,0.9993619322776794,607.9646084308624,196.57131606340408,0.028554895892739296,613.2133855819702,66.116868019104,0.029979480430483818,591.2588305473328,196.76279538869858,0.967850387096405,593.1244039535522,70.7356641292572,0.9993059635162354,221.200155377388,158.574077129364,0.9989727735519409,323.9636113271117,81.44335699081421,0.21538497507572174,248.3700852394104,114.87418842315674,0.9594777226448059,225.2362048625946,94.64359784126282,0.9941437840461731,320.0087163448334,81.06909894943237,0.9868965744972229
labeled-data\20180205(coh1)_Trial1\img01873.png,56.01083779335022,209.92596673965454,0.7635519504547119,57.401419162750244,49.63736319541931,0.9990758895874023,111.0890212059021,201.80040073394775,0.9914434552192688,108.77854537963867,72.77364110946655,0.9975007176399231,607.442727804184,194.72966122627258,0.018705764785408974,611.8559899330139,51.987159729003906,0.01308810617774725,592.1718046665192,196.29116398096085,0.9576892256736755,592.4963247776031,69.19211792945862,0.9989515542984009,345.06139945983887,168.72678995132446,0.9975589513778687,429.0017765760422,105.97079181671143,0.0164197888225317,384.00283575057983,154.64303731918335,0.985912024974823,364.6940560936928,134.18768405914307,0.997816801071167,429.9438306093216,104.05671453475952,0.9929947257041931
labeled-data\20180205(coh1)_Trial1\img09454.png,55.919599533081055,208.28608465194702,0.8006935119628906,56.397762298583984,49.382230043411255,0.9992159605026245,110.61370182037354,201.73367023468018,0.9831429123878479,108.96338891983032,71.29763698577881,0.9993841648101807,607.5813879966736,196.00376313133165,0.02784760855138302,611.3982038497925,52.16685485839844,0.024002043530344963,592.392897605896,196.85514777898788,0.9777349233627319,592.3972413539886,70.55372548103333,0.9990159273147583,167.2530255317688,178.92903292179108,0.9995261430740356,106.24305081367493,85.25038623809814,0.031952936202287674,203.24548721313477,184.04042434692383,0.9924893379211426,204.19079798460007,153.6678924560547,0.9982495903968811,277.85734164714813,163.00905859470367,0.9993966817855835
labeled-data\20180205(coh1)_Trial1\img14267.png,55.793800354003906,207.99862241744995,0.718701958656311,54.71107196807861,52.1708567738533,0.9990259408950806,109.77140080928802,199.84072971343994,0.9908854365348816,109.4822359085083,69.21617615222931,0.9982897639274597,609.4923658370972,195.97555278241634,0.047517381608486176,613.5599489212036,64.9743766784668,0.04177097976207733,592.5085730552673,196.71929001808167,0.9762335419654846,592.9200501441956,71.6951105594635,0.9991738200187683,203.64244014024734,161.88675022125244,0.9995260238647461,235.34016633033752,140.29850482940674,0.059691134840250015,249.02943205833435,163.4145035147667,0.9969120025634766,250.2300180196762,138.19335269927979,0.9976125955581665,316.73392724990845,147.85992774367332,0.999891996383667
labeled-data\20180205(coh1)_Trial1\img01169.png,56.87122583389282,208.115140914917,0.7593221068382263,56.1763014793396,52.267211973667145,0.9990843534469604,103.29661965370178,201.40994930267334,0.58766108751297,110.09285831451416,71.02976894378662,0.9906558394432068,608.7366738319397,196.55790048837662,0.02286374755203724,613.3748683929443,65.75877857208252,0.026790659874677658,591.9081048965454,197.20771431922913,0.9837558269500732,593.1183989048004,71.04298782348633,0.9993743300437927,174.01342153549194,190.11201238632202,0.7801308631896973,162.02207374572754,86.94232535362244,0.49529749155044556,141.25519859790802,158.17818641662598,0.9257295727729797,122.25926649570465,170.80753755569458,0.7572263479232788,164.79744631052017,93.32274770736694,0.9871973991394043
labeled-data\20180205(coh1)_Trial1\img01914.png,58.43518340587616,206.93594193458557,0.7439141869544983,54.312958002090454,50.411224722862244,0.9992559552192688,105.55058312416077,197.97487604618073,0.9849047660827637,109.70228290557861,69.1256422996521,0.9992697834968567,607.5750312805176,196.57801097631454,0.02185463160276413,611.5643434524536,51.615394592285156,0.02494102343916893,592.3800797462463,197.11817574501038,0.9586175084114075,593.123378276825,69.65341222286224,0.9991878867149353,199.9611361026764,176.55318975448608,0.9858420491218567,106.94482553005219,84.09374523162842,0.04139198362827301,215.36580896377563,145.5464210510254,0.9868207573890686,189.31400227546692,132.94848334789276,0.9978694915771484,256.08206844329834,90.58956170082092,0.9991092085838318
labeled-data\20180205(coh1)_Trial1\img00290.png,56.37617826461792,209.74057722091675,0.728735089302063,54.5700409412384,50.853708028793335,0.9992444515228271,110.73205399513245,199.95567512512207,0.9939283132553101,111.36199855804443,71.79188203811646,0.9993808269500732,607.0110945701599,195.55165109038353,0.025009702891111374,612.6608667373657,64.64454364776611,0.026670413091778755,594.1885695457458,196.11868995428085,0.9799273014068604,589.8034219741821,69.05352091789246,0.9987898468971252,499.51589727401733,170.81524014472961,0.8838168382644653,106.93912899494171,85.36964321136475,0.03146125376224518,526.7859840393066,150.28952074050903,0.9870753884315491,503.5956983566284,144.16690731048584,0.9945681095123291,521.5278372764587,93.80137515068054,0.9986554384231567
labeled-data\20180205(coh1)_Trial1\img17519.png,55.24578237533569,209.0729079246521,0.7642324566841125,53.80302858352661,51.26011288166046,0.9990917444229126,109.96406376361847,200.25425243377686,0.9929468035697937,109.36688756942749,70.54214596748352,0.998407781124115,608.6317110061646,196.22830387949944,0.025422710925340652,611.815071105957,51.24006938934326,0.017401598393917084,593.267646074295,196.5611263513565,0.9726892113685608,592.9233605861664,70.46047282218933,0.9989930987358093,361.41593837738037,165.84292769432068,0.9613134860992432,107.16365349292755,84.79627513885498,0.03870857506990433,385.306245803833,143.7143611907959,0.9569070339202881,361.4482605457306,136.46095943450928,0.9856751561164856,413.1893358230591,98.32009470462799,0.9998117089271545
labeled-data\20180205(coh1)_Trial1\img15101.png,55.76453447341919,208.11949515342712,0.7667024731636047,55.930487632751465,49.832069873809814,0.9988440275192261,108.55287683010101,198.9893708229065,0.99274080991745,110.78485584259033,70.7867636680603,0.9993436932563782,608.8859605789185,196.05107736587524,0.023997696116566658,613.8481464385986,65.2911901473999,0.018674757331609726,592.4631237983704,196.62048572301865,0.9747013449668884,592.6363835334778,69.71220338344574,0.9992321729660034,225.134916305542,165.89764297008514,0.7812232971191406,224.6482973098755,170.3112986087799,0.04550958797335625,239.29188680648804,149.47346258163452,0.8489434719085693,222.24393129348755,135.5691499710083,0.5689941048622131,270.38510942459106,108.42741444706917,0.9957621693611145
labeled-data\20180205(coh1)_Trial1\img15104.png,55.4504599571228,208.0311794281006,0.7480901479721069,55.71382999420166,49.986106157302856,0.9987984895706177,107.39988714456558,197.77433109283447,0.9919454455375671,110.69431257247925,70.23817801475525,0.9993937015533447,608.4259934425354,196.25513884425163,0.02911258302628994,613.7501153945923,65.60747337341309,0.01858014054596424,592.2735402584076,197.060826420784,0.9787515997886658,592.8271486759186,69.82074964046478,0.9993075132369995,228.14059983193874,160.58521556854248,0.6655271649360657,107.49393010139465,82.95872831344604,0.037587523460388184,241.78306770324707,147.52352052927017,0.954215407371521,223.48574423789978,129.9241623878479,0.4662375748157501,270.78563022613525,108.60083746910095,0.9942584037780762
labeled-data\20180205(coh1)_Trial1\img12117.png,56.415316343307495,209.58652782440186,0.7668637037277222,56.012075424194336,50.37521982192993,0.9991649389266968,110.30136394500732,200.62253665924072,0.9934483170509338,111.93739891052246,71.16857814788818,0.99934321641922,605.2622660398483,197.29481160640717,0.027709361165761948,611.7656044960022,52.8087944984436,0.03278098627924919,594.7130638360977,199.21843314170837,0.9491806626319885,591.1900367736816,69.86788129806519,0.9993066787719727,537.1914529800415,186.75770437717438,0.9989566802978516,554.3256769180298,155.33134239912033,0.02549520507454872,572.1556620597839,165.1277995109558,0.991530179977417,558.9641468524933,148.68355691432953,0.997825026512146,576.8087387084961,97.20866632461548,0.9999215602874756
labeled-data\20180205(coh1)_Trial1\img11128.png,56.03907823562622,209.0651159286499,0.7257766127586365,54.94845676422119,50.85718619823456,0.9993689656257629,109.50237584114075,200.21457862854004,0.993155300617218,108.99509525299072,71.11802887916565,0.998430073261261,603.4537540078163,85.40632820129395,0.012010208331048489,612.1287746429443,52.6337628364563,0.03711020201444626,595.3124482631683,200.79760909080505,0.894648551940918,591.1362557411194,70.35364770889282,0.9994137287139893,558.4034223556519,191.96118593215942,0.9988957643508911,568.4372539520264,186.62524724006653,0.02509296126663685,582.6808087825775,158.49108147621155,0.989577054977417,559.3440375328064,152.01532196998596,0.9975876808166504,568.410014629364,104.29002666473389,0.99989914894104
labeled-data\20180205(coh1)_Trial1\img17371.png,55.27793312072754,208.8819842338562,0.7708450555801392,57.239408016204834,49.6046085357666,0.9987131357192993,109.95329284667969,199.8754687309265,0.9927946925163269,111.26317310333252,70.89574193954468,0.9994114637374878,615.5953435897827,198.81776475906372,0.015282750129699707,610.6002764701843,49.31218433380127,0.010879679583013058,593.5715658664703,199.26709985733032,0.9779847264289856,593.9709658622742,67.76252187788486,0.9967291355133057,547.7655747234821,180.52275317907333,0.9999186992645264,107.53787252306938,83.8806471824646,0.03410052880644798,576.0197911262512,146.96768879890442,0.9449213147163391,558.7964024543762,135.71808528900146,0.9968822002410889,570.8785080909729,87.0777816772461,0.9993435740470886
labeled-data\20180205(coh1)_Trial1\img11695.png,56.18971538543701,208.61074948310852,0.7814119458198547,54.635456562042236,49.978062868118286,0.9992710947990417,109.41201376914978,199.98659467697144,0.9945630431175232,111.60821294784546,70.51938390731812,0.9993416666984558,609.0361523628235,194.88817286491394,0.02421572059392929,611.6086630821228,50.87606906890869,0.016882695257663727,591.9166803359985,195.405723631382,0.9857819080352783,592.2008183002472,69.04369902610779,0.9991675615310669,469.14416348934174,162.4622254371643,0.9988532066345215,454.6211051940918,172.94530534744263,0.05163422226905823,433.48749136924744,147.7319828569889,0.9878811836242676,429.82648372650146,170.95562839508057,0.9140381813049316,377.32194566726685,146.3862293958664,0.9998854398727417
labeled-data\20180205(coh1)_Trial1\img03398.png,55.77838134765625,208.9913468360901,0.7937526106834412,55.754488945007324,50.37170732021332,0.9990440011024475,109.01067972183228,199.26425528526306,0.9950673580169678,109.77580261230469,72.4518871307373,0.9988251328468323,609.0215139389038,195.55427452921867,0.028741491958498955,613.2830276489258,65.28474807739258,0.01954926736652851,594.2318353652954,197.26319789886475,0.9764383435249329,592.7647795677185,69.39499604701996,0.9990957975387573,345.1735107898712,157.14404010772705,0.997951328754425,105.84743571281433,84.8420295715332,0.038436125963926315,399.4368143081665,165.1215716600418,0.9908865690231323,397.8826936483383,137.8316309452057,0.9963130354881287,467.0952652692795,143.50661182403564,0.9999204874038696
labeled-data\20180205(coh1)_Trial1\img14803.png,56.42739534378052,209.55430459976196,0.8032498359680176,54.08941841125488,49.938640832901,0.9988969564437866,109.55792009830475,199.26472854614258,0.9932990074157715,110.53989744186401,71.85008406639099,0.9989258646965027,609.5409998893738,196.09378876537085,0.03508929908275604,611.8849925994873,52.081857204437256,0.022511404007673264,592.6909365653992,198.34310221672058,0.9517084956169128,593.0597603321075,70.60856795310974,0.9989920258522034,433.6727936267853,179.1874480843544,0.9972489476203918,106.37628626823425,84.17539691925049,0.04745514318346977,392.182204246521,146.5627417564392,0.9940008521080017,381.1263771057129,168.44530630111694,0.9669796228408813,330.5363726615906,134.9383978843689,0.999169111251831
labeled-data\20180205(coh1)_Trial1\img14255.png,56.230350971221924,208.34959268569946,0.782008707523346,54.496602296829224,49.96478199958801,0.999297022819519,109.93254721164703,199.93143510818481,0.9935541152954102,110.77803564071655,70.46772193908691,0.9995393753051758,609.2337827682495,195.9308688491583,0.03207853436470032,611.2423553466797,52.392578125,0.036001432687044144,593.2298939228058,196.25554904341698,0.970487654209137,592.3263676166534,69.26094019412994,0.9990948438644409,276.436321079731,162.67437040805817,0.9970465302467346,107.45818364620209,83.44633340835571,0.0436815470457077,327.47422218322754,154.73430156707764,0.9822370409965515,316.93101090192795,131.43174540996552,0.9955535531044006,378.2771612405777,143.94400882720947,0.9992244243621826
labeled-data\20180205(coh1)_Trial1\img07028.png,55.45799446105957,209.00445127487183,0.7329250574111938,54.79222512245178,50.56297242641449,0.9991056323051453,110.11323022842407,201.25466108322144,0.9923477172851562,109.84031343460083,70.42272925376892,0.9993996620178223,610.2904052734375,196.4961737692356,0.027193181216716766,613.5883073806763,65.09579658508301,0.029425611719489098,591.5481495857239,197.03464245796204,0.9784901738166809,592.3323752880096,70.46659183502197,0.9991090893745422,468.12223579734564,155.30141931772232,0.9996503591537476,431.22615671157837,132.06138801574707,0.04790571331977844,417.2767288684845,120.41773557662964,0.9913018941879272,410.0587410926819,149.5276746749878,0.9939404726028442,350.620534658432,105.78633427619934,0.9956480860710144
labeled-data\20180205(coh1)_Trial1\img00813.png,55.63783311843872,208.2646882534027,0.7344906330108643,54.27844214439392,51.367041885852814,0.9989493489265442,109.83307886123657,200.86101722717285,0.99072265625,111.40680837631226,70.65788674354553,0.9994818568229675,609.9382281303406,196.53981870412827,0.04416945204138756,611.7804470062256,51.81052303314209,0.02481156960129738,592.6794364452362,197.82616913318634,0.9655768275260925,592.3021743297577,70.43041467666626,0.9992266893386841,405.5847134590149,157.69411170482635,0.9994391798973083,382.92660212516785,143.08995294570923,0.020170751959085464,366.9566423892975,135.9738745689392,0.9862825274467468,361.13252305984497,158.83312129974365,0.964739978313446,295.2448832988739,118.96311640739441,0.999824583530426
labeled-data\20180205(coh1)_Trial1\img11639.png,55.300302028656006,208.73728704452515,0.7939538359642029,54.287609577178955,50.42253339290619,0.9990546107292175,109.02661836147308,200.10657358169556,0.9947534799575806,109.88069009780884,71.44675660133362,0.9990713596343994,607.4763219356537,195.6690545976162,0.030225349590182304,612.3706588745117,51.834678649902344,0.01634758710861206,591.4992933273315,195.72276428341866,0.9694947004318237,593.7955594062805,69.0951441526413,0.99863201379776,425.2139949798584,170.01785266399384,0.9984840750694275,396.3994092643261,149.6597089767456,0.06575442850589752,387.60168674588203,139.79544973373413,0.9922549724578857,373.6806057691574,164.09806173294783,0.9763479828834534,329.4864888191223,118.55436968803406,0.9998200535774231
labeled-data\20180205(coh1)_Trial1\img07484.png,55.7204966545105,208.45918726921082,0.8028423190116882,57.08067989349365,49.69720792770386,0.9991705417633057,109.4033168554306,199.8218183517456,0.9946479201316833,110.57644367218018,71.63643908500671,0.9995313882827759,609.7472229003906,195.8699648976326,0.051539886742830276,611.5747799873352,52.749104022979736,0.029354223981499672,591.2681088447571,196.8386970758438,0.9703736901283264,593.147212266922,69.64807105064392,0.9992426633834839,409.61473298072815,163.22933316230774,0.9991840720176697,106.56763899326324,84.1478385925293,0.03026065230369568,371.10155713558197,121.68808174133301,0.9957526922225952,353.10896730422974,140.20565748214722,0.992401123046875,307.64324444532394,98.80966305732727,0.9998345375061035
labeled-data\20180205(coh1)_Trial1\img02209.png,55.54343938827515,208.1828362941742,0.7638445496559143,55.10363745689392,50.27408170700073,0.9992340803146362,110.63187074661255,200.55596446990967,0.9896340370178223,110.69065237045288,69.77012813091278,0.9989417195320129,609.4615817070007,196.20575167238712,0.03146577998995781,611.924599647522,51.58941173553467,0.02139425463974476,591.2524156570435,196.56319099664688,0.9683074355125427,593.2828433513641,71.07214212417603,0.9989987015724182,302.0346074104309,150.95534753799438,0.9947317838668823,108.05200440436602,82.62910270690918,0.0256475992500782,263.14998054504395,135.17260837554932,0.9941451549530029,259.92925611138344,162.43998444080353,0.9684213399887085,201.33139657974243,122.5759003162384,0.9522889852523804
labeled-data\20180205(coh1)_Trial1\img05542.png,55.788583755493164,208.98430466651917,0.716440737247467,57.006701707839966,50.723525524139404,0.9991521835327148,109.29707753658295,199.81246948242188,0.9942618608474731,111.73673486709595,71.94128036499023,0.9994255304336548,609.2666535377502,197.4976851940155,0.02094574086368084,611.7192211151123,52.24550151824951,0.02728579007089138,597.3040355443954,198.84812593460083,0.9625568389892578,592.3299582004547,70.73186469078064,0.9988711476325989,534.794308423996,183.93218278884888,0.9862725734710693,107.96623818203807,84.68974876403809,0.033484604209661484,491.94164768606424,160.36189460754395,0.998325765132904,483.8896714821458,187.19286578893661,0.9881911277770996,420.0119266267866,144.95786690711975,0.9991440773010254
labeled-data\20180205(coh1)_Trial1\img09902.png,57.54753375053406,207.8088984489441,0.7090920805931091,55.119529724121094,49.92967939376831,0.9993026256561279,109.60013735294342,199.26804208755493,0.9914488196372986,114.02547419071198,71.80541896820068,0.998687207698822,609.2938017845154,195.85171969234943,0.038296811282634735,612.7033786773682,66.34036350250244,0.024476308375597,590.7675242424011,195.53254637122154,0.958972156047821,593.4343061447144,70.74029064178467,0.9992166757583618,272.5124976634979,174.85330176353455,0.9983618855476379,214.18333625793457,172.05799770355225,0.04471602290868759,229.0013599395752,134.90167474746704,0.8810030817985535,205.49546015262604,160.17804837226868,0.8118234872817993,198.98596024513245,98.50821042060852,0.9999668598175049
labeled-data\20180205(coh1)_Trial1\img01876.png,55.24156999588013,208.57179498672485,0.7797044515609741,54.16972374916077,51.57846620678902,0.9992850422859192,108.2290572822094,200.5587821006775,0.9917365908622742,110.31640005111694,70.87125277519226,0.9992634654045105,604.3417986035347,82.4849705696106,0.02879543974995613,612.9066619873047,65.8465747833252,0.033489782363176346,592.088819026947,196.16202871501446,0.960979700088501,591.7152304649353,71.0236222743988,0.9991576671600342,328.2019271850586,177.9266984462738,0.9995298385620117,339.09632873535156,133.75183832645416,0.07228595018386841,367.8866448402405,149.78430092334747,0.9923696517944336,351.0368721485138,125.82065546512604,0.9972286820411682,424.14001417160034,110.96079111099243,0.9969164133071899
labeled-data\20180205(coh1)_Trial1\img17534.png,56.451483726501465,207.89161777496338,0.7642680406570435,55.96530103683472,51.130457401275635,0.9991165995597839,110.02436208724976,199.56983304023743,0.9940710663795471,112.12491822242737,72.62531661987305,0.9992652535438538,608.9751582145691,195.55474641919136,0.033314429223537445,613.2189283370972,65.49174308776855,0.02105228789150715,592.4328210353851,196.74255961179733,0.9768549203872681,593.3594262599945,70.17320537567139,0.9992384910583496,320.7571852207184,166.33804845809937,0.9984318614006042,323.05523443222046,138.30076384544373,0.09888843446969986,355.6923530101776,133.4656343460083,0.9962528944015503,342.48027324676514,108.34339672327042,0.9976020455360413,406.89443373680115,102.76528882980347,0.9994743466377258
labeled-data\20180205(coh1)_Trial1\img01917.png,59.015826761722565,206.74639463424683,0.7442037463188171,53.817792892456055,49.89516043663025,0.9991325736045837,107.10672450065613,199.39692521095276,0.9857327342033386,110.41494512557983,68.97522455453873,0.9994511008262634,607.3760225772858,196.718159198761,0.020456388592720032,611.6498308181763,51.71619701385498,0.021636273711919785,592.2154095172882,197.2180379629135,0.9574917554855347,593.1180369853973,69.84838652610779,0.9991686344146729,190.1319169998169,180.01890096068382,0.7508434653282166,178.57016706466675,176.64587926864624,0.0913960263133049,200.39027547836304,153.87608814239502,0.8449695706367493,174.9196445941925,145.68984508514404,0.9837566614151001,237.1622714996338,100.8775926232338,0.9977926015853882
labeled-data\20180205(coh1)_Trial1\img03500.png,55.10561418533325,207.86547231674194,0.7426761388778687,55.451987743377686,50.31537175178528,0.9993335604667664,112.19024133682251,199.25100755691528,0.9734004139900208,110.55074739456177,70.45529532432556,0.9994280934333801,608.1759562492371,196.10930917412043,0.03005024418234825,611.9375367164612,52.02861261367798,0.01745729148387909,591.6595363616943,196.66319876909256,0.9601418972015381,593.3579165935516,69.70629501342773,0.999028205871582,159.05969834327698,187.83199501037598,0.9973655343055725,251.51566582918167,110.91051149368286,0.05949791893362999,199.0911512374878,162.92061853408813,0.9784674644470215,179.31116330623627,142.56244564056396,0.9990425705909729,248.80226373672485,116.40159526467323,0.9669719934463501
labeled-data\20180205(coh1)_Trial1\img01402.png,55.907010555267334,209.76470112800598,0.7921725511550903,55.40264368057251,51.58599188923836,0.9989435076713562,108.69274479150772,199.94372606277466,0.9948896169662476,110.77064037322998,71.14193177223206,0.9990754127502441,607.472179889679,195.21095657348633,0.044710177928209305,612.0669813156128,64.87706661224365,0.0312635600566864,592.0597410202026,195.6575047969818,0.9782724380493164,588.6004934310913,71.28285026550293,0.9989283680915833,451.96996772289276,175.6021180152893,0.9986065030097961,465.97417402267456,143.92614245414734,0.03562651574611664,495.8972134590149,155.10989981889725,0.980147123336792,481.93865489959717,130.59932661056519,0.9988535642623901,531.9096743687987,96.43442392349243,0.9996028542518616
labeled-data\20180205(coh1)_Trial1\img05625.png,56.78449630737305,209.07746767997742,0.7650413513183594,56.68757653236389,49.77597141265869,0.9990549683570862,110.41459846496582,196.53974545001984,0.9944135546684265,112.34762477874756,70.77787137031555,0.99946528673172,610.3925533294678,196.5559589266777,0.036169104278087616,612.3088073730469,51.482266426086426,0.03165002539753914,592.0507793426514,197.08180177211761,0.939616322517395,594.9023792743683,70.64516186714172,0.9987800717353821,259.9548203907907,150.09551095962524,0.9935070276260376,254.07853603363037,114.50964784622192,0.4120773375034332,284.6859325170517,109.96217775344849,0.9315029382705688,265.90704345703125,86.15196537971497,0.971436619758606,345.07025384902954,102.23713850975037,0.9997705817222595
labeled-data\20180205(coh1)_Trial1\img14726.png,55.64710807800293,207.96629238128662,0.8043302297592163,56.23949313163757,49.98624062538147,0.9991624355316162,108.26519057154655,199.47769331932068,0.992697536945343,112.75025629997253,70.48520350456238,0.9991949200630188,609.359628200531,194.96106159687042,0.020325487479567528,612.0244226455688,51.09815788269043,0.023055655881762505,593.080992937088,195.15583980083466,0.9584558606147766,593.5386717319489,69.39525377750397,0.998747706413269,412.0858769863844,164.81626385450363,0.9981204867362976,108.6641246676445,81.78435850143433,0.03585997596383095,359.7333605289459,134.662175655365,0.998005211353302,351.5727319717407,156.23872962594032,0.9822980165481567,293.96491849422455,139.5343173444271,0.9998317956924438
labeled-data\20180205(coh1)_Trial1\img08041.png,55.6696982383728,208.0217685699463,0.796572208404541,53.63331139087677,50.313053250312805,0.9992914199829102,109.39324414730072,199.22899913787842,0.9933069348335266,112.50460076332092,71.56483006477356,0.9994262456893921,604.8625964522362,83.1715316772461,0.024506965652108192,611.7105484008789,51.649420738220215,0.03217877075076103,592.7710297107697,195.4631541967392,0.9310329556465149,592.4020369052887,70.45371150970459,0.9992634654045105,473.6859016418457,146.68173670768738,0.9990041851997375,473.127144575119,144.07795786857605,0.04102587699890137,434.9565169811249,108.17907953262329,0.996380627155304,421.4889807701111,134.8270399570465,0.9986386895179749,368.0234811306,100.27150398492813,0.9991815686225891
labeled-data\20180205(coh1)_Trial1\img08959.png,56.11742877960205,208.30548119544983,0.7113252282142639,55.26227927207947,51.7702412456274,0.9991359114646912,109.97983503341675,195.89614637196064,0.9940333962440491,111.75388145446777,71.00070476531982,0.9994089603424072,608.7351665496826,196.1562791466713,0.03965946286916733,613.7088441848755,65.50188541412354,0.03353649377822876,591.906081199646,196.62282872200012,0.9817668795585632,593.0293807983398,70.21399545669556,0.9992038607597351,240.28780961036682,184.83354234695435,0.9989438652992249,356.48920702934265,182.33842372894287,0.09064468741416931,284.8646213412285,185.33666729927063,0.9690603613853455,282.82388055324554,160.427836894989,0.9943242073059082,348.8489627838135,162.08548378944397,0.9991962313652039
labeled-data\20180205(coh1)_Trial1\img01661.png,57.337058305740356,210.85818994045258,0.7927495241165161,56.32755088806152,51.876627430319786,0.9989540576934814,110.00282835960388,200.51086711883545,0.9895142316818237,111.05703353881836,73.01325416564941,0.9990671277046204,607.0055222511292,81.39343070983887,0.016802992671728134,611.1935524940491,51.34899711608887,0.023360716179013252,591.7942681312561,197.38744795322418,0.9520775675773621,593.3745429515839,70.34386420249939,0.9990473389625549,214.95399379730225,162.010800242424,0.9706780910491943,208.86346673965454,130.70018637180328,0.27467355132102966,237.57555091381073,116.75192880630493,0.9622728824615479,219.66031083464622,100.39929348230362,0.9899225831031799,303.11500883102417,89.0879693031311,0.9980295300483704
labeled-data\20180205(coh1)_Trial1\img08630.png,55.583890438079834,208.3644049167633,0.7559989094734192,54.80544447898865,49.042755126953125,0.9989632368087769,110.93621945381165,200.6451234817505,0.9937803149223328,110.6406569480896,70.45914912223816,0.9979844093322754,609.9167728424072,195.31885695457458,0.02714877761900425,611.793698310852,51.93300437927246,0.019543154165148735,591.6415929794312,196.5425134897232,0.9789503812789917,593.6960241794586,69.70266914367676,0.9992786049842834,327.72974491119385,160.4921009540558,0.999054491519928,107.41611403226852,84.67278099060059,0.028150809928774834,282.2741822004318,126.12419128417969,0.9834150671958923,267.6885046362877,145.01604461669922,0.9837549328804016,226.24057805538177,92.18074131011963,0.9929682612419128
labeled-data\20180205(coh1)_Trial1\img01224.png,56.33800196647644,208.81334948539734,0.8222309350967407,57.01090693473816,50.31783306598663,0.9991299510002136,109.1174076795578,200.6340947151184,0.9932357668876648,109.90852117538452,71.23665046691895,0.998795747756958,608.9559168815613,196.07447420805693,0.030544742941856384,611.672688961029,51.784523010253906,0.030362335965037346,591.3887357711792,197.16937923431396,0.9805952310562134,593.4110927581787,69.7476521730423,0.9993473887443542,407.6791124343872,125.37034130096436,0.9985538125038147,403.91155241429806,104.2588562965393,0.15217505395412445,360.3037259578705,93.39717829227448,0.9844506978988647,356.28727516531944,121.4699158668518,0.9961859583854675,282.26066732406616,106.27677261829376,0.999281108379364
labeled-data\20180205(coh1)_Trial1\img11181.png,55.80442571640015,208.3233561515808,0.7515082359313965,55.97493839263916,50.2109659910202,0.9993937015533447,109.55289161205292,200.21494388580322,0.9940647482872009,110.65262985229492,70.30851483345032,0.9991531372070312,622.7350311279297,200.43182682991028,0.01728994958102703,612.3094606399536,53.11028003692627,0.029810523614287376,595.9438291750848,199.61074495315552,0.9599170088768005,593.262547492981,69.30994868278503,0.999434769153595,540.9594723582268,188.2472327053547,0.9996016621589661,107.35912865400314,83.98910999298096,0.030649900436401367,575.6669173240662,161.6735954284668,0.9746572375297546,559.6187212467194,145.09197330474854,0.9909462928771973,571.7569048851728,100.24032747745514,0.999515175819397
